epoch,train_total,train_recon,val_mae,val_rmse,grad_norm_mean,grad_norm_max,per_coeff_mae_mean,per_coeff_mae_max,gaussian_coverage
1,1.1669495972720059,1.1669495972720059,2.4340498447418213,4.0870068073272705,0.0018988152031734805,0.003193777186204734,2.6160872,5.6032076,100.0
2,1.1672514351931484,1.1672514351931484,2.430370569229126,4.083820581436157,,,2.6124392,5.5972023,
3,1.163142128424211,1.163142128424211,2.4232945442199707,4.0776636600494385,,,2.605457,5.5857205,
4,1.1601509939540515,1.1601509939540515,2.412302613258362,4.067914962768555,,,2.5946107,5.567557,
5,1.1460567712783813,1.1460567712783813,2.3970532417297363,4.054176568984985,,,2.5795481,5.5419044,
6,1.1354667381806807,1.1354667381806807,2.377635359764099,4.036226391792297,,,2.5603418,5.5082417,
7,1.1238042928955772,1.1238042928955772,2.3544419407844543,4.014151334762573,,,2.5375059,5.466507,
8,1.1146729696880688,1.1146729696880688,2.3278533220291138,3.9879813194274902,,,2.5114405,5.416554,
9,1.102177159352736,1.102177159352736,2.2993654012680054,3.958875894546509,,,2.4831274,5.3592224,
10,1.0862347537820989,1.0862347537820989,2.2681522965431213,3.925520896911621,,,2.452135,5.293901,
11,1.065966318954121,1.065966318954121,2.235615849494934,3.889874577522278,,,2.41979,5.221166,
12,1.059121923013167,1.059121923013167,2.203541874885559,3.8529006242752075,,,2.3875809,5.143609,
13,1.0386919921094722,1.0386919921094722,2.1698124408721924,3.813774824142456,,,2.3537204,5.0601335,
14,1.026565356688066,1.026565356688066,2.137334704399109,3.776429295539856,,,2.3215823,4.977718,
15,1.0143244537440212,1.0143244537440212,2.1047985553741455,3.738782286643982,,,2.2892575,4.897003,
16,1.0074131705544211,1.0074131705544211,2.073488235473633,3.702707290649414,,,2.2576125,4.816501,
17,0.9981601129878651,0.9981601129878651,2.0426844358444214,3.665398597717285,,,2.2262514,4.7338414,
18,0.9857405749234286,0.9857405749234286,2.012500047683716,3.628197431564331,,,2.1957498,4.649045,
19,0.969304084777832,0.969304084777832,1.9792004823684692,3.5893266201019287,,,2.1628375,4.5589232,
20,0.9627028053457086,0.9627028053457086,1.9483038783073425,3.55308198928833,,,2.1315243,4.4676204,
21,0.9518616578795693,0.9518616578795693,1.9166602492332458,3.515357494354248,,,2.0996392,4.37268,
22,0.9416597539728339,0.9416597539728339,1.8853417038917542,3.4792325496673584,,,2.0681171,4.273071,
23,0.9389988021417097,0.9389988021417097,1.8537755012512207,3.4421331882476807,,,2.0376635,4.1730957,
24,0.9187310554764487,0.9187310554764487,1.8226836919784546,3.4057719707489014,,,2.0064967,4.069147,
25,0.9106302586468783,0.9106302586468783,1.792276382446289,3.371230363845825,,,1.9755236,3.9647691,
26,0.895122463052923,0.895122463052923,1.7608205676078796,3.3342901468276978,,,1.9436343,3.854689,
27,0.8897031979127363,0.8897031979127363,1.7326022386550903,3.3015732765197754,,,1.9148968,3.749212,
28,0.8776957446878607,0.8776957446878607,1.7050836682319641,3.2712113857269287,,,1.8868753,3.6494265,
29,0.8710187131708319,0.8710187131708319,1.6770930886268616,3.238787591457367,,,1.858116,3.5462892,
30,0.8644336516206915,0.8644336516206915,1.6518408060073853,3.2093560099601746,,,1.833919,3.4494305,
31,0.8536827076565136,0.8536827076565136,1.624580442905426,3.176280379295349,,,1.8058723,3.3513987,
32,0.8415704044428739,0.8415704044428739,1.6018697023391724,3.1508448123931885,,,1.7817988,3.2585769,
33,0.8329288200898604,0.8329288200898604,1.5783265829086304,3.12685227394104,,,1.7577828,3.169406,
34,0.8274637623266741,0.8274637623266741,1.5553078651428223,3.101170599460602,,,1.7343307,3.0803192,
35,0.8163492625409906,0.8163492625409906,1.5324604511260986,3.0740095376968384,,,1.7108909,2.9912457,
36,0.8094384182583202,0.8094384182583202,1.5116331577301025,3.053533375263214,,,1.6895976,2.9097512,
37,0.7955783172087236,0.7955783172087236,1.487591028213501,3.029433012008667,,,1.6633116,2.821511,
38,0.7894113822416826,0.7894113822416826,1.4685478806495667,3.0085476636886597,,,1.6432866,2.7409792,
39,0.7791675871068781,0.7791675871068781,1.4493722319602966,2.987863540649414,,,1.6227332,2.66828,
40,0.770431637763977,0.770431637763977,1.4310520887374878,2.9676279425621033,,,1.6031626,2.5930438,
41,0.7618676369840448,0.7618676369840448,1.4121137857437134,2.9491495490074158,,,1.5822148,2.5207865,
42,0.759388343854384,0.759388343854384,1.396501362323761,2.932166874408722,,,1.5663266,2.4593284,
43,0.7461986704306169,0.7461986704306169,1.3811262249946594,2.914525091648102,,,1.5497808,2.3989048,
44,0.7342451485720548,0.7342451485720548,1.3653457164764404,2.8969942927360535,,,1.5325785,2.3383272,
45,0.7296020280231129,0.7296020280231129,1.353293240070343,2.8797643780708313,,,1.5186716,2.2816865,
46,0.7203871716152538,0.7203871716152538,1.33890300989151,2.863038122653961,,,1.5041139,2.227382,
47,0.7123107368295843,0.7123107368295843,1.324015587568283,2.844567596912384,,,1.4888234,2.1768544,
48,0.6993133967572992,0.6993133967572992,1.3100758790969849,2.827277719974518,,,1.4748503,2.1316183,
49,0.6930040392008695,0.6930040392008695,1.296245038509369,2.8111754059791565,,,1.4593909,2.0891085,
50,0.6836965571750294,0.6836965571750294,1.2887431383132935,2.8005767464637756,0.04790651473643963,0.05586733120040583,1.4498688,2.0456805,
51,0.6718337427486073,0.6718337427486073,1.2730861604213715,2.783442735671997,,,1.4325083,2.0017989,
52,0.6623283245346763,0.6623283245346763,1.2615119814872742,2.76617294549942,,,1.4204112,1.9643325,
53,0.6567957943136041,0.6567957943136041,1.2490587532520294,2.748469054698944,,,1.4065806,1.9248785,
54,0.6474357572468844,0.6474357572468844,1.2410658299922943,2.734686315059662,,,1.3978293,1.8976043,
55,0.6397202394225381,0.6397202394225381,1.2299220263957977,2.7181535363197327,,,1.3844069,1.8704078,
56,0.6367434317415411,0.6367434317415411,1.2204188704490662,2.7033116817474365,,,1.3741246,1.84275,
57,0.6317529028112238,0.6317529028112238,1.2148776352405548,2.6916930079460144,,,1.368279,1.8224322,
58,0.624584821137515,0.624584821137515,1.2042030990123749,2.6746111512184143,,,1.3548133,1.795275,
59,0.6169960552995856,0.6169960552995856,1.1982885599136353,2.659660577774048,,,1.3485459,1.7837206,
60,0.6160947409543124,0.6160947409543124,1.1893562972545624,2.6456141471862793,,,1.3372396,1.7587261,
61,0.6145558628168973,0.6145558628168973,1.1827952563762665,2.633316457271576,,,1.3287005,1.7405422,
62,0.6124481992288069,0.6124481992288069,1.1751839220523834,2.6193042397499084,,,1.3193125,1.7205966,
63,0.602239037101919,0.602239037101919,1.1695184111595154,2.605225443840027,,,1.3126421,1.706929,
64,0.597414187409661,0.597414187409661,1.158448725938797,2.5867233276367188,,,1.300315,1.6786846,
65,0.5949600853703239,0.5949600853703239,1.1603805720806122,2.580026865005493,,,1.2991618,1.6733645,
66,0.5884434445337816,0.5884434445337816,1.148092895746231,2.565136671066284,,,1.2823764,1.6433367,
67,0.5838154473088004,0.5838154473088004,1.1381967961788177,2.5490188598632812,,,1.2718928,1.6178553,
68,0.5769768926230344,0.5769768926230344,1.1334461271762848,2.5352949500083923,,,1.2668002,1.6047237,
69,0.5762660530480471,0.5762660530480471,1.1325161755084991,2.5309629440307617,,,1.2641093,1.5968856,
70,0.5741349187764254,0.5741349187764254,1.1240844428539276,2.518475830554962,,,1.25309,1.5751625,
71,0.569023153998635,0.569023153998635,1.1173402070999146,2.5024460554122925,,,1.2465355,1.5633292,
72,0.5706052455035123,0.5706052455035123,1.1097325682640076,2.489025294780731,,,1.236834,1.5443679,
73,0.560931837016886,0.560931837016886,1.1065163910388947,2.476412773132324,,,1.2333435,1.5289564,
74,0.5594055164944042,0.5594055164944042,1.1018700301647186,2.4706634283065796,,,1.2281425,1.5155799,
75,0.5574277991598303,0.5574277991598303,1.0998743176460266,2.4625315070152283,,,1.2261047,1.5001214,
76,0.554549284956672,0.554549284956672,1.09340900182724,2.450880229473114,,,1.2160662,1.491454,
77,0.5558267913081429,0.5558267913081429,1.0880600810050964,2.4382246136665344,,,1.2092791,1.4803653,
78,0.5477702617645264,0.5477702617645264,1.0835421681404114,2.4302860498428345,,,1.2026753,1.4635931,
79,0.5448360090905969,0.5448360090905969,1.083353728055954,2.425182580947876,,,1.201506,1.4599507,
80,0.5453519116748463,0.5453519116748463,1.0772775411605835,2.4195362329483032,,,1.1942061,1.4508605,
81,0.5406896824186499,0.5406896824186499,1.0685157179832458,2.402542293071747,,,1.1825079,1.4335511,
82,0.5345971936529333,0.5345971936529333,1.0657292902469635,2.385490298271179,,,1.1811808,1.4212643,
83,0.5377487404779955,0.5377487404779955,1.058898240327835,2.3777278065681458,,,1.1715295,1.4195273,
84,0.5320680276914076,0.5320680276914076,1.058820515871048,2.3736482858657837,,,1.173063,1.4265138,
85,0.5302493030374701,0.5302493030374701,1.0510488152503967,2.3593464493751526,,,1.1632957,1.4110467,
86,0.5274413200941953,0.5274413200941953,1.0476438403129578,2.352792501449585,,,1.1588755,1.401676,
87,0.5246458487077192,0.5246458487077192,1.0448033213615417,2.3469563126564026,,,1.15633,1.4004152,
88,0.5188845314762809,0.5188845314762809,1.0374538600444794,2.331245481967926,,,1.1463633,1.3778584,
89,0.5178212875669653,0.5178212875669653,1.0356728434562683,2.3259835243225098,,,1.1423792,1.370653,
90,0.5204465064135465,0.5204465064135465,1.0366790890693665,2.3316964507102966,,,1.1410011,1.3682113,
91,0.5154253379865126,0.5154253379865126,1.0271873474121094,2.3048961758613586,,,1.1335734,1.3653721,
92,0.514980749650435,0.514980749650435,1.0251095294952393,2.3053297996520996,,,1.1311361,1.3567622,
93,0.5134120448069139,0.5134120448069139,1.0269777178764343,2.3054953813552856,,,1.1310195,1.3511629,
94,0.5124518979679454,0.5124518979679454,1.0224262177944183,2.293287992477417,,,1.1285727,1.3589664,
95,0.5106257633729414,0.5106257633729414,1.0222704410552979,2.294603168964386,,,1.1251132,1.3488387,
96,0.5139385895295576,0.5139385895295576,1.0140816867351532,2.2707480788230896,,,1.1199106,1.3455763,
97,0.5047067972746763,0.5047067972746763,1.0113038122653961,2.2660040259361267,,,1.1150503,1.3367772,
98,0.5044180967591025,0.5044180967591025,1.0168515741825104,2.2736517190933228,,,1.1212624,1.3579521,
99,0.5016519075090234,0.5016519075090234,1.0061682760715485,2.255754232406616,,,1.1100149,1.3348597,
100,0.5024434030056,0.5024434030056,1.0072498619556427,2.2633790373802185,0.10661161011026131,0.15880982553602693,1.1078199,1.3335409,100.0
101,0.4965973984111439,0.4965973984111439,1.0042761862277985,2.243002474308014,,,1.1098572,1.347529,
102,0.4998032233931802,0.4998032233931802,0.9989253878593445,2.2379173636436462,,,1.101874,1.3278573,
103,0.4975489377975464,0.4975489377975464,1.0023170709609985,2.2437747716903687,,,1.1042861,1.3339174,
104,0.49520619078115985,0.49520619078115985,0.9900555610656738,2.218196153640747,,,1.0917974,1.3156636,
105,0.4911730099808086,0.4911730099808086,0.9951113164424896,2.2247120141983032,,,1.0989528,1.3396024,
106,0.5022500617937609,0.5022500617937609,0.9914865791797638,2.220306396484375,,,1.0906578,1.3090042,
107,0.4901811345057054,0.4901811345057054,0.9895258247852325,2.2088012099266052,,,1.0920855,1.3284299,
108,0.48899048837748443,0.48899048837748443,0.9883905351161957,2.207947611808777,,,1.0899493,1.3117973,
109,0.49072457443584094,0.49072457443584094,0.9889922440052032,2.2127161622047424,,,1.084992,1.3013849,
110,0.489295168356462,0.489295168356462,0.9850232899188995,2.1958890557289124,,,1.0858473,1.3190011,
111,0.4855738769878041,0.4855738769878041,0.9763063192367554,2.18503338098526,,,1.0744101,1.292199,
112,0.4892082837494937,0.4892082837494937,0.9856732189655304,2.1948145031929016,,,1.0870132,1.3065434,
113,0.48587114160711115,0.48587114160711115,0.976409524679184,2.179463505744934,,,1.0747753,1.2875072,
114,0.4871059303933924,0.4871059303933924,0.9855780899524689,2.1984845995903015,,,1.0845652,1.3062367,
115,0.48677115548740735,0.48677115548740735,0.9766500890254974,2.1799448132514954,,,1.0764376,1.3021048,
116,0.4870626059445468,0.4870626059445468,0.9675640165805817,2.1686957478523254,,,1.0644845,1.275986,
117,0.4806108610196547,0.4806108610196547,0.979602038860321,2.1794991493225098,,,1.07843,1.2968464,
118,0.48029039122841577,0.48029039122841577,0.9654567241668701,2.1591948866844177,,,1.0631311,1.2794547,
119,0.47704374248331244,0.47704374248331244,0.9749137461185455,2.1733739972114563,,,1.0747125,1.2933468,
120,0.4796138785102151,0.4796138785102151,0.967435747385025,2.1663049459457397,,,1.0647006,1.2817394,
121,0.4773304760456085,0.4773304760456085,0.9650754928588867,2.1541764736175537,,,1.0666503,1.2920698,
122,0.4781185469844125,0.4781185469844125,0.9628161787986755,2.1546629667282104,,,1.0593742,1.2716024,
123,0.4760954407128421,0.4760954407128421,0.9666884541511536,2.1559194922447205,,,1.0658474,1.2853342,
124,0.48060932755470276,0.48060932755470276,0.9613763988018036,2.13954496383667,,,1.0619655,1.2759055,
125,0.47668425332416187,0.47668425332416187,0.9550940096378326,2.133950650691986,,,1.0554668,1.2863275,
126,0.4727942943572998,0.4727942943572998,0.9606249928474426,2.143718898296356,,,1.0588987,1.2800521,
127,0.47346857461062347,0.47346857461062347,0.9555240273475647,2.125105082988739,,,1.0573342,1.2746269,
128,0.47749313712120056,0.47749313712120056,0.9608806073665619,2.127598464488983,,,1.0611544,1.2680014,
129,0.4752568169073625,0.4752568169073625,0.952723503112793,2.1191468238830566,,,1.0496905,1.2618347,
130,0.467314443805001,0.467314443805001,0.9628452956676483,2.133421838283539,,,1.0594153,1.278528,
131,0.47335221008820966,0.47335221008820966,0.9601956307888031,2.118962347507477,,,1.0569365,1.2708718,
132,0.47183088010007684,0.47183088010007684,0.9541154205799103,2.1130346059799194,,,1.0495622,1.2594335,
133,0.4744470011104237,0.4744470011104237,0.9569812715053558,2.1184569001197815,,,1.0547526,1.2662543,
134,0.46924269741231744,0.46924269741231744,0.9585152268409729,2.1156736612319946,,,1.0576602,1.2725023,
135,0.4753562645478682,0.4753562645478682,0.9536610841751099,2.109688103199005,,,1.0519279,1.2551086,
136,0.46873434294353833,0.46873434294353833,0.9483507871627808,2.1010534167289734,,,1.0448408,1.2485316,
137,0.4681307619268244,0.4681307619268244,0.9575484097003937,2.1190896034240723,,,1.051476,1.2528448,
138,0.46781137043779547,0.46781137043779547,0.9512662887573242,2.103258728981018,,,1.0500007,1.2496009,
139,0.46779233759099786,0.46779233759099786,0.9507777392864227,2.1114593148231506,,,1.0424887,1.2611692,
140,0.466153930534016,0.466153930534016,0.9549184739589691,2.110716998577118,,,1.0489467,1.2376853,
141,0.4666803479194641,0.4666803479194641,0.9436308741569519,2.0905138850212097,,,1.0405226,1.2364837,
142,0.46418147737329657,0.46418147737329657,0.942066878080368,2.0897527933120728,,,1.0374389,1.226931,
143,0.4609636203809218,0.4609636203809218,0.9408846497535706,2.0863154530525208,,,1.035839,1.2296218,
144,0.46164245768026874,0.46164245768026874,0.9501976370811462,2.101219117641449,,,1.0417898,1.2362581,
145,0.4648126092824069,0.4648126092824069,0.9538877010345459,2.1028698086738586,,,1.0473071,1.2497852,
146,0.46362215280532837,0.46362215280532837,0.9416889250278473,2.08077871799469,,,1.0377115,1.2299423,
147,0.4629000723361969,0.4629000723361969,0.9467779099941254,2.0931771993637085,,,1.037104,1.2297304,
148,0.46144948493350635,0.46144948493350635,0.9396593868732452,2.0756844878196716,,,1.0356914,1.2441559,
149,0.4601093964143233,0.4601093964143233,0.9450365304946899,2.089761972427368,,,1.0353204,1.2246772,
150,0.46501143954016944,0.46501143954016944,0.9462505877017975,2.0889177918434143,0.12821339277641422,0.18111569014559065,1.0379083,1.2460014,
151,0.46136542612856085,0.46136542612856085,0.9331860840320587,2.0658963918685913,,,1.0284917,1.226433,
152,0.459806198423559,0.459806198423559,0.9320481717586517,2.0646985173225403,,,1.0274981,1.2106665,
153,0.455640735951337,0.455640735951337,0.9407494068145752,2.078514039516449,,,1.031858,1.2300099,
154,0.4573309909213673,0.4573309909213673,0.9291934072971344,2.056500494480133,,,1.0242893,1.2217216,
155,0.4584848934953863,0.4584848934953863,0.9348220229148865,2.0684658885002136,,,1.0238589,1.2142226,
156,0.4559370252219113,0.4559370252219113,0.9325515329837799,2.0631805062294006,,,1.0215031,1.2028253,
157,0.4529967389323495,0.4529967389323495,0.9203924536705017,2.0440778136253357,,,1.0138102,1.2025405,
158,0.4548472491177646,0.4548472491177646,0.9345815181732178,2.0622844099998474,,,1.0262338,1.2122033,
159,0.4532761519605463,0.4532761519605463,0.9190639853477478,2.0385870933532715,,,1.015029,1.1962792,
160,0.4510197043418884,0.4510197043418884,0.9187193214893341,2.0376736521720886,,,1.0133362,1.2015904,
161,0.45311095497824927,0.45311095497824927,0.9373934268951416,2.0616968274116516,,,1.0328318,1.2311803,
162,0.4603428542613983,0.4603428542613983,0.922365814447403,2.0402930974960327,,,1.0198358,1.202092,
163,0.451242595911026,0.451242595911026,0.9297149181365967,2.042773127555847,,,1.0251918,1.2152637,
164,0.4575808048248291,0.4575808048248291,0.916337788105011,2.0238462686538696,,,1.0149324,1.2024897,
165,0.45367243073203345,0.45367243073203345,0.9189106523990631,2.0232012271881104,,,1.0193416,1.2117383,
166,0.4514787088740956,0.4514787088740956,0.9142202138900757,2.018796682357788,,,1.0126158,1.2095997,
167,0.4503119940107519,0.4503119940107519,0.9178499579429626,2.023455262184143,,,1.0187182,1.2209241,
168,0.45071292465383356,0.45071292465383356,0.9175491631031036,2.018795132637024,,,1.0140609,1.2263299,
169,0.45058187571438874,0.45058187571438874,0.9115869700908661,2.0104687809944153,,,1.0059301,1.2080317,
170,0.45025967196984723,0.45025967196984723,0.9172819256782532,2.018237054347992,,,1.0155742,1.2218438,
171,0.4512768631631678,0.4512768631631678,0.9163062572479248,2.0153998732566833,,,1.0153677,1.219243,
172,0.449283548376777,0.449283548376777,0.9132483005523682,2.010732114315033,,,1.0112354,1.2148173,
173,0.44795873490246857,0.44795873490246857,0.9097937345504761,2.0021561980247498,,,1.0077163,1.207643,
174,0.44982718608596106,0.44982718608596106,0.9121016561985016,2.0053696036338806,,,1.00799,1.2204885,
175,0.44777096943421796,0.44777096943421796,0.9115437269210815,2.003602623939514,,,1.0076419,1.2126954,
176,0.45045930418101227,0.45045930418101227,0.9149416387081146,2.0028953552246094,,,1.0126326,1.2093846,
177,0.44553828510371124,0.44553828510371124,0.9032405316829681,1.9912996888160706,,,0.9996747,1.203327,
178,0.44621445644985547,0.44621445644985547,0.90920090675354,1.9977701902389526,,,1.0018022,1.1955702,
179,0.4469106007706035,0.4469106007706035,0.9087391197681427,1.9943761825561523,,,1.0037011,1.2055211,
180,0.4476780755953355,0.4476780755953355,0.9084717631340027,1.9914299249649048,,,1.0016338,1.1882786,
181,0.4445713839747689,0.4445713839747689,0.9110026657581329,1.9944239258766174,,,1.0058093,1.2096542,
182,0.4466330192305825,0.4466330192305825,0.9120931029319763,1.9946789145469666,,,1.0078396,1.2134242,
183,0.44681575894355774,0.44681575894355774,0.9068452715873718,1.9856974482536316,,,1.0026908,1.2095572,
184,0.44682597843083466,0.44682597843083466,0.9107101261615753,1.9892705082893372,,,1.0063993,1.21397,
185,0.4471185965971513,0.4471185965971513,0.9047616124153137,1.9796591401100159,,,1.001398,1.202554,
186,0.4436510774222287,0.4436510774222287,0.9053528904914856,1.9783934950828552,,,1.0023699,1.2085594,
187,0.44681938128037885,0.44681938128037885,0.902354508638382,1.9728727340698242,,,0.9990207,1.1979401,
188,0.44395189664580603,0.44395189664580603,0.9046729505062103,1.9730983972549438,,,0.9996262,1.2061517,
189,0.44287714904004877,0.44287714904004877,0.9037988185882568,1.9720213413238525,,,1.0002857,1.1994795,
190,0.44130501692945306,0.44130501692945306,0.9100790321826935,1.977125346660614,,,1.0026908,1.2051935,
191,0.446676259691065,0.446676259691065,0.9057018160820007,1.9732564687728882,,,0.9976662,1.2010065,
192,0.4439594041217457,0.4439594041217457,0.901752382516861,1.964858889579773,,,0.996204,1.2001752,
193,0.444955744526603,0.444955744526603,0.905965268611908,1.970855474472046,,,0.99906033,1.1979127,
194,0.4405640661716461,0.4405640661716461,0.8984594643115997,1.959410548210144,,,0.99155736,1.1887912,
195,0.4393815750425512,0.4393815750425512,0.9026214182376862,1.962896466255188,,,0.9944656,1.1856596,
196,0.44306449727578595,0.44306449727578595,0.900900810956955,1.9604232907295227,,,0.99225384,1.1892645,
197,0.441393025896766,0.441393025896766,0.8968516290187836,1.9543216824531555,,,0.9907248,1.1941874,
198,0.44079481200738385,0.44079481200738385,0.8963949680328369,1.9522322416305542,,,0.9900644,1.1843415,
199,0.4415161203254353,0.4415161203254353,0.9000773727893829,1.9564374685287476,,,0.9920134,1.1845028,
200,0.44431074370037427,0.44431074370037427,0.9068755209445953,1.9799846410751343,0.13923305338407446,0.16706724017077063,1.0027922,1.1904733,100.0
201,0.44547696005214343,0.44547696005214343,0.9067630767822266,1.9795912504196167,,,1.0033973,1.1826088,
202,0.4441888251087882,0.4441888251087882,0.9045449793338776,1.9724013209342957,,,1.0020183,1.18315,
203,0.4471592903137207,0.4471592903137207,0.9004159867763519,1.9685302376747131,,,0.99773705,1.1824069,
204,0.44428663091226056,0.44428663091226056,0.9095079600811005,1.9800786972045898,,,1.0087959,1.1997551,
205,0.44270139932632446,0.44270139932632446,0.896716982126236,1.949502944946289,,,0.9903343,1.1825461,
206,0.4395422231067311,0.4395422231067311,0.8976301550865173,1.9478829503059387,,,0.9903037,1.1822238,
207,0.4414932240139354,0.4414932240139354,0.9009263217449188,1.9504910111427307,,,0.9966489,1.1972345,
208,0.44003780592571606,0.44003780592571606,0.892760694026947,1.939959168434143,,,0.98547673,1.1747581,
209,0.4404779076576233,0.4404779076576233,0.8978237509727478,1.9420741200447083,,,0.9919781,1.1831962,
210,0.44373738494786347,0.44373738494786347,0.8984357416629791,1.941606044769287,,,0.9942905,1.2021623,
211,0.4404978481206027,0.4404978481206027,0.894786924123764,1.937433898448944,,,0.9871881,1.1772794,
212,0.43690531904047186,0.43690531904047186,0.9000931978225708,1.9441398978233337,,,0.9954318,1.2037815,
213,0.4416255056858063,0.4416255056858063,0.8968347609043121,1.9385431408882141,,,0.99272996,1.2010055,
214,0.4389508772980083,0.4389508772980083,0.8973205089569092,1.9409399032592773,,,0.9916153,1.1951658,
215,0.4397594630718231,0.4397594630718231,0.894600123167038,1.936045527458191,,,0.9879666,1.1926152,
216,0.44472742080688477,0.44472742080688477,0.8941875994205475,1.9365835785865784,,,0.98774904,1.1922258,
217,0.44256797432899475,0.44256797432899475,0.8981889486312866,1.942321240901947,,,0.9915184,1.1947529,
218,0.44256105477159674,0.44256105477159674,0.9002353250980377,1.9445140361785889,,,0.9946851,1.188958,
219,0.4380082840269262,0.4380082840269262,0.8958260416984558,1.9358891248703003,,,0.9881945,1.1920395,
220,0.44203624400225555,0.44203624400225555,0.8955094516277313,1.9371244311332703,,,0.9875756,1.1868377,
221,0.4403540708801963,0.4403540708801963,0.9011392593383789,1.945336103439331,,,0.9963861,1.192281,
222,0.4411522989923304,0.4411522989923304,0.8985203504562378,1.9380555748939514,,,0.9926043,1.1963085,
223,0.44074816324494104,0.44074816324494104,0.8971433341503143,1.936191439628601,,,0.99066967,1.1864021,
224,0.4410551894794811,0.4410551894794811,0.8957808613777161,1.9342290163040161,,,0.989154,1.1793144,
225,0.4425395998087796,0.4425395998087796,0.8982460796833038,1.9352045059204102,,,0.9927975,1.1874814,
226,0.439688268032941,0.439688268032941,0.8991003930568695,1.93510901927948,,,0.99417925,1.1933192,
227,0.44057362187992444,0.44057362187992444,0.8973163366317749,1.9337366223335266,,,0.9913297,1.187488,
228,0.4367054348642176,0.4367054348642176,0.8950547277927399,1.9298624992370605,,,0.9879294,1.1792545,
229,0.4415235356851058,0.4415235356851058,0.8936152160167694,1.927788496017456,,,0.98750067,1.1723784,
230,0.43960068171674554,0.43960068171674554,0.8976543247699738,1.9328432083129883,,,0.9920331,1.1716517,
231,0.4387820146300576,0.4387820146300576,0.8920034170150757,1.9240780472755432,,,0.984466,1.1681962,
232,0.43948303027586505,0.43948303027586505,0.8933761119842529,1.9249913692474365,,,0.9862073,1.1717229,
233,0.44001457366076385,0.44001457366076385,0.8920161426067352,1.921672523021698,,,0.98426396,1.1650316,
234,0.4365350062196905,0.4365350062196905,0.8895757794380188,1.918354094028473,,,0.981588,1.1605765,
235,0.4371300664815036,0.4371300664815036,0.8906220197677612,1.92287278175354,,,0.983467,1.170725,
236,0.4359709159894423,0.4359709159894423,0.888412356376648,1.9170787334442139,,,0.98161924,1.1594692,
237,0.43763388016007165,0.43763388016007165,0.8912842273712158,1.919249415397644,,,0.9844376,1.1606764,
238,0.4379561814394864,0.4379561814394864,0.8890880942344666,1.9179142117500305,,,0.9813813,1.1566672,
239,0.4370631819421595,0.4370631819421595,0.8953078985214233,1.9252926111221313,,,0.9844425,1.1603194,
240,0.4359758631749587,0.4359758631749587,0.8933231830596924,1.9225425720214844,,,0.98162603,1.1517539,
241,0.43565740368582984,0.43565740368582984,0.89588463306427,1.9250890612602234,,,0.9864143,1.1622821,
242,0.4357573281634938,0.4357573281634938,0.8943512439727783,1.9222010374069214,,,0.9842869,1.1610813,
243,0.4381708665327592,0.4381708665327592,0.8903732895851135,1.9172725081443787,,,0.9787206,1.1469129,
244,0.4364846104925329,0.4364846104925329,0.8916949927806854,1.9197975397109985,,,0.9812061,1.1559002,
245,0.4393641813234849,0.4393641813234849,0.8908480107784271,1.9234364032745361,,,0.9800069,1.15581,
246,0.43985493887554517,0.43985493887554517,0.8919453918933868,1.9238916039466858,,,0.98154783,1.1547716,
247,0.44063478437337006,0.44063478437337006,0.8911057114601135,1.9212501645088196,,,0.9804593,1.1528395,
248,0.4349006143483249,0.4349006143483249,0.8935084939002991,1.9230759739875793,,,0.9841227,1.1631054,
249,0.4376953488046473,0.4376953488046473,0.8946220576763153,1.9223529696464539,,,0.9856032,1.1609298,
250,0.4392796077511527,0.4392796077511527,0.892236590385437,1.9189093708992004,0.1543744360264558,0.22191454304503286,0.98197705,1.1591357,
251,0.4362237128344449,0.4362237128344449,0.8919146656990051,1.9202301502227783,,,0.9816807,1.1589477,
252,0.4381264258514751,0.4381264258514751,0.8937129378318787,1.9206525683403015,,,0.9832645,1.1644453,
253,0.43370783599940216,0.43370783599940216,0.8890551328659058,1.9164838790893555,,,0.97645164,1.1512846,
254,0.43314685875719244,0.43314685875719244,0.8896261155605316,1.9155199527740479,,,0.97767985,1.1528083,
255,0.43693146922371606,0.43693146922371606,0.8899642825126648,1.9152867197990417,,,0.9782467,1.1582928,
256,0.43563881516456604,0.43563881516456604,0.8882615268230438,1.9113995432853699,,,0.97505784,1.1485528,
257,0.434767330234701,0.434767330234701,0.8882016837596893,1.9128057956695557,,,0.97614187,1.152707,
258,0.4350953047925776,0.4350953047925776,0.88753342628479,1.9103949666023254,,,0.9741964,1.1465372,
259,0.431786293333227,0.431786293333227,0.8863482773303986,1.9076091051101685,,,0.97202176,1.1485626,
260,0.43295997652140533,0.43295997652140533,0.8925230503082275,1.915886402130127,,,0.98157287,1.1612138,
261,0.43659872900355945,0.43659872900355945,0.8909809291362762,1.9138347506523132,,,0.97976965,1.159081,
262,0.4350020641630346,0.4350020641630346,0.8932455778121948,1.914453148841858,,,0.9810384,1.1677978,
263,0.43847479874437506,0.43847479874437506,0.8937317132949829,1.9123555421829224,,,0.98144144,1.1587068,
264,0.4371052465655587,0.4371052465655587,0.8905414640903473,1.9099622964859009,,,0.9785836,1.1655953,
265,0.4344949641010978,0.4344949641010978,0.8870256841182709,1.9052403569221497,,,0.9740985,1.1558515,
266,0.4347634505141865,0.4347634505141865,0.890161395072937,1.9072113037109375,,,0.9772512,1.1564955,
267,0.4371643526987596,0.4371643526987596,0.8899035453796387,1.9052038192749023,,,0.97702014,1.1615592,
268,0.4328948503190821,0.4328948503190821,0.8906723260879517,1.9077677726745605,,,0.9798308,1.1600236,
269,0.43608207323334436,0.43608207323334436,0.8907286524772644,1.9043651223182678,,,0.97644657,1.1600151,
270,0.4368307184089314,0.4368307184089314,0.8916628658771515,1.9078189730644226,,,0.9814138,1.1670597,
271,0.4354135339910334,0.4354135339910334,0.8861744999885559,1.9001187086105347,,,0.97338605,1.1547256,
272,0.43378671732815827,0.43378671732815827,0.8888421058654785,1.9038379192352295,,,0.9775453,1.1578041,
273,0.43628527088598773,0.43628527088598773,0.885310024023056,1.8988064527511597,,,0.9714927,1.1502831,
274,0.4343194013292139,0.4343194013292139,0.886206328868866,1.8979982137680054,,,0.9746281,1.1559932,
275,0.4324408877979625,0.4324408877979625,0.8845120370388031,1.8959285616874695,,,0.97237694,1.1496215,
276,0.4339499771595001,0.4339499771595001,0.8849512338638306,1.8961198329925537,,,0.9727025,1.1480381,
277,0.4327737472274087,0.4327737472274087,0.8856261372566223,1.897580087184906,,,0.97395366,1.1533114,
278,0.43405844406648114,0.43405844406648114,0.8812973201274872,1.8914865255355835,,,0.96777314,1.1366823,
279,0.4333480271426114,0.4333480271426114,0.8802914023399353,1.8901065587997437,,,0.96628815,1.1374255,
280,0.4328691200776534,0.4328691200776534,0.8849061727523804,1.8965796828269958,,,0.97348374,1.1492357,
281,0.431917204098268,0.431917204098268,0.8832299411296844,1.8939624428749084,,,0.969101,1.1479567,
282,0.42872716080058704,0.42872716080058704,0.8841099143028259,1.8943279385566711,,,0.97162056,1.143624,
283,0.42976724288680335,0.42976724288680335,0.8779715597629547,1.8894419074058533,,,0.96563274,1.1302947,
284,0.43227404897863214,0.43227404897863214,0.8762440383434296,1.887144923210144,,,0.963272,1.1319492,
285,0.43359830433672125,0.43359830433672125,0.8786218166351318,1.889026403427124,,,0.96692383,1.138652,
286,0.4296305098316886,0.4296305098316886,0.8780027329921722,1.8882378935813904,,,0.9658578,1.1303589,
287,0.4317567565224387,0.4317567565224387,0.8791944086551666,1.8881790041923523,,,0.9679604,1.1391684,
288,0.4327016527002508,0.4327016527002508,0.877426415681839,1.8865987658500671,,,0.96541506,1.1320187,
289,0.4274263354864987,0.4274263354864987,0.8799833357334137,1.8930292129516602,,,0.95968103,1.1234742,
290,0.4258459129116752,0.4258459129116752,0.871882438659668,1.880363941192627,,,0.9572187,1.1127716,
291,0.4239069006659768,0.4239069006659768,0.8739513754844666,1.8857356309890747,,,0.9582135,1.1222507,
292,0.4264386675574563,0.4264386675574563,0.8720190227031708,1.8813122510910034,,,0.9543945,1.1154903,
293,0.4261928011070598,0.4261928011070598,0.8723257780075073,1.8810347318649292,,,0.9551235,1.107247,
294,0.427622990174727,0.427622990174727,0.8742543160915375,1.882288932800293,,,0.95815825,1.119762,
295,0.42545701698823407,0.42545701698823407,0.8743393123149872,1.88273423910141,,,0.95860946,1.1150383,
296,0.4214668463576924,0.4214668463576924,0.8706969320774078,1.8772706389427185,,,0.9524324,1.1113629,
297,0.4249906675382094,0.4249906675382094,0.8743927478790283,1.881741464138031,,,0.95812076,1.1147817,
298,0.42527797547253693,0.42527797547253693,0.8779160976409912,1.8853891491889954,,,0.9581836,1.1181558,
299,0.42456642335111444,0.42456642335111444,0.8713009357452393,1.8773459196090698,,,0.95352453,1.1052378,
300,0.42622408812696283,0.42622408812696283,0.8710373044013977,1.877599060535431,0.173444774138574,0.2593055249974171,0.9543476,1.1096828,100.0
301,0.4236605709249323,0.4236605709249323,0.8684066534042358,1.8730908632278442,,,0.950714,1.099063,
302,0.4236237542195754,0.4236237542195754,0.8715859353542328,1.8763210773468018,,,0.9523374,1.1036673,
303,0.4232321787964214,0.4232321787964214,0.8733745515346527,1.8770414590835571,,,0.95318824,1.1010025,
304,0.42749698053706775,0.42749698053706775,0.8701470494270325,1.8738777041435242,,,0.95287967,1.0996183,
305,0.4238994365388697,0.4238994365388697,0.8654704093933105,1.8690295219421387,,,0.94758826,1.0938563,
306,0.4221829582344402,0.4221829582344402,0.8688700199127197,1.8726553320884705,,,0.94954604,1.0933787,
307,0.4225779311223464,0.4225779311223464,0.8634118139743805,1.8674395680427551,,,0.9450786,1.088539,
308,0.41946467757225037,0.41946467757225037,0.8677501380443573,1.8718875646591187,,,0.94839925,1.1012197,
309,0.4203481132333929,0.4203481132333929,0.8693774342536926,1.873590886592865,,,0.9495178,1.0960606,
310,0.4228577342900363,0.4228577342900363,0.8655965626239777,1.871441125869751,,,0.9492024,1.1056622,
311,0.42070197788151825,0.42070197788151825,0.8658659160137177,1.867801010608673,,,0.9460779,1.093297,
312,0.4206703874197873,0.4206703874197873,0.8608993887901306,1.8635783195495605,,,0.9426383,1.0891678,
313,0.41771588271314447,0.41771588271314447,0.8646596372127533,1.871297836303711,,,0.9453334,1.0968387,
314,0.4196857457811182,0.4196857457811182,0.864110678434372,1.8699823021888733,,,0.943254,1.0950782,
315,0.42158246311274444,0.42158246311274444,0.8612769544124603,1.8658946752548218,,,0.9441266,1.1046121,
316,0.417801095680757,0.417801095680757,0.8670938611030579,1.8699427247047424,,,0.9474991,1.1139125,
317,0.4220613512125882,0.4220613512125882,0.8597245514392853,1.8634602427482605,,,0.94035006,1.0969303,
318,0.4205089103091847,0.4205089103091847,0.8611258268356323,1.8637587428092957,,,0.9424164,1.1095161,
319,0.420738396319476,0.420738396319476,0.8630465865135193,1.865198016166687,,,0.9453365,1.1089278,
320,0.42004062641750683,0.42004062641750683,0.8605276048183441,1.8629393577575684,,,0.94174886,1.1099607,
321,0.42063737186518585,0.42063737186518585,0.865770012140274,1.8673734068870544,,,0.9452034,1.1068531,
322,0.42095758427273144,0.42095758427273144,0.8637898564338684,1.864851951599121,,,0.94178957,1.1098344,
323,0.41791516000574286,0.41791516000574286,0.8632463216781616,1.8633381128311157,,,0.9417472,1.1029915,
324,0.41800536621700635,0.41800536621700635,0.8581638634204865,1.8578672409057617,,,0.9375975,1.1015136,
325,0.4189375395124609,0.4189375395124609,0.8560944497585297,1.8547145128250122,,,0.9353026,1.0935962,
326,0.41728455370122736,0.41728455370122736,0.8571194410324097,1.8547924757003784,,,0.93641245,1.0893949,
327,0.41369659521363,0.41369659521363,0.854460597038269,1.843046247959137,,,0.92891,1.0624439,
328,0.417672796682878,0.417672796682878,0.8557519018650055,1.8437779545783997,,,0.93492156,1.0563406,
329,0.4126213707707145,0.4126213707707145,0.8511587083339691,1.8392888307571411,,,0.92899746,1.0624348,
330,0.41458284854888916,0.41458284854888916,0.8504570722579956,1.837525725364685,,,0.92777133,1.0597048,
331,0.4159386266361583,0.4159386266361583,0.8560285568237305,1.840737223625183,,,0.9350068,1.0676254,
332,0.4148359948938543,0.4148359948938543,0.8530304729938507,1.8361654877662659,,,0.9279363,1.0605365,
333,0.4119591089812192,0.4119591089812192,0.8653566241264343,1.8511675000190735,,,0.9371436,1.0669987,
334,0.4181934080340646,0.4181934080340646,0.863163024187088,1.848880112171173,,,0.93435663,1.0653611,
335,0.41777108203281055,0.41777108203281055,0.856990396976471,1.8391545414924622,,,0.9311197,1.0699966,
336,0.4143029072067954,0.4143029072067954,0.8533889353275299,1.834699273109436,,,0.9301401,1.0610938,
337,0.4146253764629364,0.4146253764629364,0.863409012556076,1.8477630615234375,,,0.93448776,1.0661206,
338,0.41653083671223035,0.41653083671223035,0.8579422533512115,1.8456376791000366,,,0.9271006,1.0597637,
339,0.41697300293228845,0.41697300293228845,0.8671222031116486,1.8514291644096375,,,0.937143,1.0829216,
340,0.41569155725565826,0.41569155725565826,0.8516832888126373,1.8309699296951294,,,0.9278057,1.0715905,
341,0.41214547103101556,0.41214547103101556,0.852837473154068,1.8372039794921875,,,0.92446476,1.0761521,
342,0.41407848488200794,0.41407848488200794,0.8579955697059631,1.840781807899475,,,0.93306655,1.0782324,
343,0.4147291589866985,0.4147291589866985,0.8542390763759613,1.837598979473114,,,0.9279183,1.0680029,
344,0.4164691892537204,0.4164691892537204,0.8613014221191406,1.8510619401931763,,,0.92911595,1.0712205,
345,0.4135682799599387,0.4135682799599387,0.8631571233272552,1.8496947288513184,,,0.9322722,1.0799351,
346,0.41056123917753046,0.41056123917753046,0.8522701859474182,1.833585262298584,,,0.9245786,1.0798501,
347,0.4110325005921451,0.4110325005921451,0.8644099533557892,1.8503931164741516,,,0.929782,1.0821384,
348,0.41110243038697675,0.41110243038697675,0.851353645324707,1.8329556584358215,,,0.923777,1.0749056,
349,0.4096362428231673,0.4096362428231673,0.844235897064209,1.8226774334907532,,,0.9166332,1.0699756,
350,0.41112887588414276,0.41112887588414276,0.8490253686904907,1.8265004754066467,0.15630831579451585,0.19542587899731526,0.9199491,1.0678073,
351,0.4097328917546706,0.4097328917546706,0.8588787913322449,1.8442066311836243,,,0.9257934,1.0835603,
352,0.41211691769686615,0.41211691769686615,0.8456345498561859,1.8270354270935059,,,0.91567457,1.0698583,
353,0.410204218192534,0.410204218192534,0.8508840799331665,1.8305894136428833,,,0.924076,1.0723307,
354,0.4107086252082478,0.4107086252082478,0.8423667848110199,1.8198453783988953,,,0.91437954,1.0654823,
355,0.40692112662575464,0.40692112662575464,0.8458554148674011,1.8328968286514282,,,0.9195981,1.0617225,
356,0.41248890486630524,0.41248890486630524,0.8465161025524139,1.837300419807434,,,0.91764957,1.0619504,
357,0.4102466648275202,0.4102466648275202,0.8508409559726715,1.8402534127235413,,,0.9248316,1.0718402,
358,0.4128941974856637,0.4128941974856637,0.8575268089771271,1.8508145809173584,,,0.9255,1.073116,
359,0.4096986570141532,0.4096986570141532,0.8429389297962189,1.8295589685440063,,,0.9157062,1.0644062,
360,0.4093377102505077,0.4093377102505077,0.8477073013782501,1.8380231857299805,,,0.92009157,1.069047,
361,0.4112884348089045,0.4112884348089045,0.848015546798706,1.8374910354614258,,,0.9206876,1.0699149,
362,0.4146547154946761,0.4146547154946761,0.857914924621582,1.8466201424598694,,,0.92563295,1.0737395,
363,0.41086229411038483,0.41086229411038483,0.8423732221126556,1.8331490755081177,,,0.91243047,1.0619797,
364,0.4071516692638397,0.4071516692638397,0.8464620113372803,1.8352755904197693,,,0.918736,1.0623932,
365,0.40929574045267975,0.40929574045267975,0.8451236188411713,1.829883635044098,,,0.9171161,1.0626731,
366,0.40688724409450183,0.40688724409450183,0.8538137376308441,1.841759979724884,,,0.920469,1.0735166,
367,0.4113766551017761,0.4113766551017761,0.8596130609512329,1.849557638168335,,,0.930247,1.0660938,
368,0.4122725752266971,0.4122725752266971,0.8529757857322693,1.8372125029563904,,,0.9247745,1.0696036,
369,0.41167771545323456,0.41167771545323456,0.8509571850299835,1.834751009941101,,,0.9268795,1.0656278,
370,0.4093453829938715,0.4093453829938715,0.8433923721313477,1.8278295993804932,,,0.91490066,1.0529591,
371,0.4125975289128043,0.4125975289128043,0.8481346666812897,1.831415593624115,,,0.9229289,1.0574405,
372,0.4095012139190327,0.4095012139190327,0.8464778065681458,1.8287141919136047,,,0.92087066,1.0551128,
373,0.40828228809616784,0.40828228809616784,0.8518347442150116,1.8379636406898499,,,0.92461616,1.0584571,
374,0.4099087715148926,0.4099087715148926,0.8436523675918579,1.8271712064743042,,,0.9129001,1.0685651,
375,0.40810913660309533,0.40810913660309533,0.8419400751590729,1.8229385018348694,,,0.9136229,1.0568193,
376,0.40929825468496844,0.40929825468496844,0.8551675975322723,1.8400651812553406,,,0.92422867,1.0672781,
377,0.4079383611679077,0.4079383611679077,0.846417099237442,1.8278329968452454,,,0.9209399,1.0518776,
378,0.4083456749265844,0.4083456749265844,0.8469995856285095,1.8267062902450562,,,0.91938055,1.0520873,
379,0.40810690955682233,0.40810690955682233,0.8501206040382385,1.8340787291526794,,,0.9181637,1.0600216,
380,0.40653130412101746,0.40653130412101746,0.8493924736976624,1.8273203372955322,,,0.9237999,1.0582919,
381,0.4111807265064933,0.4111807265064933,0.843620240688324,1.822736918926239,,,0.9151704,1.0450472,
382,0.4040478630499406,0.4040478630499406,0.8594030439853668,1.8467987775802612,,,0.92100334,1.0516043,
383,0.40815138004042884,0.40815138004042884,0.8373332619667053,1.8150598406791687,,,0.9059903,1.0551624,
384,0.40560819615017285,0.40560819615017285,0.8511297702789307,1.8319520354270935,,,0.91766274,1.0619754,
385,0.4056971994313327,0.4056971994313327,0.8448756635189056,1.8232629895210266,,,0.9133671,1.0414549,
386,0.40983583710410376,0.40983583710410376,0.8438949882984161,1.8218228816986084,,,0.9153865,1.0598766,
387,0.40944862907583063,0.40944862907583063,0.8398321866989136,1.8183171153068542,,,0.9091451,1.0435866,
388,0.40611569718881085,0.40611569718881085,0.8427213430404663,1.820193588733673,,,0.91380256,1.0416299,
389,0.40648541396314447,0.40648541396314447,0.8403096199035645,1.818816602230072,,,0.91102296,1.0448481,
390,0.4085059003396468,0.4085059003396468,0.8432274460792542,1.8205905556678772,,,0.9156775,1.0496265,
391,0.40660007162527606,0.40660007162527606,0.8459939956665039,1.8210750818252563,,,0.91328514,1.0397996,
392,0.40898488055575977,0.40898488055575977,0.843974232673645,1.8208054900169373,,,0.9143972,1.046704,
393,0.4050583676858382,0.4050583676858382,0.8422030508518219,1.8152098655700684,,,0.911714,1.0505661,
394,0.40678206898949365,0.40678206898949365,0.8495106399059296,1.8275058269500732,,,0.91456825,1.0473758,
395,0.405182502486489,0.405182502486489,0.8408429622650146,1.8133142590522766,,,0.9097224,1.0335649,
396,0.4061157893050801,0.4061157893050801,0.8431916236877441,1.8150035738945007,,,0.9135309,1.0544691,
397,0.40489200028506195,0.40489200028506195,0.8488033413887024,1.824974536895752,,,0.91392237,1.0625881,
398,0.4094394635070454,0.4094394635070454,0.84003746509552,1.8114521503448486,,,0.9087641,1.0305666,
399,0.4040843898599798,0.4040843898599798,0.8383120894432068,1.8095314502716064,,,0.9064969,1.0295801,
400,0.40702945535833185,0.40702945535833185,0.8486101031303406,1.8246588110923767,0.17916721166434038,0.29291714945188285,0.9142608,1.0672722,100.0
401,0.4039336957714774,0.4039336957714774,0.8496693968772888,1.8249515295028687,,,0.9150576,1.0489522,
402,0.4054010673002763,0.4054010673002763,0.8374504148960114,1.7977904677391052,,,0.906279,1.0631678,
403,0.40283300930803473,0.40283300930803473,0.850051999092102,1.8135942816734314,,,0.91273004,1.0635903,
404,0.40782298283143475,0.40782298283143475,0.8378503620624542,1.7967486381530762,,,0.90719604,1.054331,
405,0.4032087407328866,0.4032087407328866,0.8334454298019409,1.7926630973815918,,,0.90230554,1.0213817,
406,0.4039675457911058,0.4039675457911058,0.838701069355011,1.7969902157783508,,,0.9061857,1.0325862,
407,0.40363265438513324,0.40363265438513324,0.8373180329799652,1.7937200665473938,,,0.9062131,1.0513513,
408,0.4042004103010351,0.4042004103010351,0.8364149034023285,1.791275680065155,,,0.90610886,1.0387871,
409,0.4021988240155307,0.4021988240155307,0.833149790763855,1.7861726880073547,,,0.9006982,1.0313712,
410,0.4053972905332392,0.4053972905332392,0.8491030931472778,1.8049257397651672,,,0.9140957,1.0398306,
411,0.40616165507923474,0.40616165507923474,0.8442169725894928,1.7938908338546753,,,0.91311306,1.0487227,
412,0.40573050488125195,0.40573050488125195,0.8380599319934845,1.7895295023918152,,,0.9089776,1.041457,
413,0.40510145642540674,0.40510145642540674,0.8384041488170624,1.79134202003479,,,0.9102305,1.0616927,
414,0.40694648027420044,0.40694648027420044,0.8516994416713715,1.805653154850006,,,0.91606826,1.0656394,
415,0.40655212239785626,0.40655212239785626,0.8409927487373352,1.7917584776878357,,,0.9124461,1.0642908,
416,0.4051417058164423,0.4051417058164423,0.8374431431293488,1.7898566722869873,,,0.9078332,1.054438,
417,0.4076623997905038,0.4076623997905038,0.8486352562904358,1.8014625906944275,,,0.91549045,1.088423,
418,0.4061385420235721,0.4061385420235721,0.8383617401123047,1.7895793318748474,,,0.90957105,1.0570749,
419,0.4042259536006234,0.4042259536006234,0.8402080535888672,1.7924124598503113,,,0.9080764,1.0620389,
420,0.40455237843773584,0.40455237843773584,0.835575520992279,1.785107970237732,,,0.90576375,1.0711365,
421,0.40658620541745966,0.40658620541745966,0.8357844650745392,1.7876631617546082,,,0.9065154,1.0588362,
422,0.406686547127637,0.406686547127637,0.8378432393074036,1.7865936160087585,,,0.9062874,1.0564923,
423,0.40291227264837787,0.40291227264837787,0.8472840487957001,1.7962164878845215,,,0.91228837,1.0666434,
424,0.40295687046918,0.40295687046918,0.8479988873004913,1.7989509105682373,,,0.9176301,1.0874573,
425,0.40796564383940265,0.40796564383940265,0.8323642909526825,1.781312346458435,,,0.9019647,1.054014,
426,0.4040034142407504,0.4040034142407504,0.8519330620765686,1.8048396110534668,,,0.9201201,1.0707119,
427,0.40862546454776416,0.40862546454776416,0.8422909677028656,1.7885356545448303,,,0.913973,1.0705627,
428,0.40788401527838275,0.40788401527838275,0.8409975469112396,1.7872758507728577,,,0.91505456,1.0589634,
429,0.40195473486726935,0.40195473486726935,0.8375981450080872,1.7761980891227722,,,0.9028439,1.0410525,
430,0.4069510427388278,0.4069510427388278,0.8407029509544373,1.7861676812171936,,,0.91559434,1.0618894,
431,0.4072435796260834,0.4072435796260834,0.8523592948913574,1.8048386573791504,,,0.92862964,1.0981721,
432,0.40866369009017944,0.40866369009017944,0.8291833996772766,1.7754309177398682,,,0.90157264,1.0545822,
433,0.4033153030005368,0.4033153030005368,0.8388423919677734,1.7824946641921997,,,0.91555125,1.0571104,
434,0.4073438617316159,0.4073438617316159,0.8474944829940796,1.7931504845619202,,,0.9236351,1.0811514,
435,0.40706179358742456,0.40706179358742456,0.8410091996192932,1.790679395198822,,,0.91037226,1.0592191,
436,0.4069067456505515,0.4069067456505515,0.8388894200325012,1.7855936288833618,,,0.91542923,1.0510893,
437,0.407150688496503,0.407150688496503,0.8425943851470947,1.7900822162628174,,,0.9182983,1.055081,
438,0.410395549102263,0.410395549102263,0.8474829792976379,1.8002103567123413,,,0.9278772,1.0735422,
439,0.40867154706608166,0.40867154706608166,0.8544161319732666,1.807698667049408,,,0.9313679,1.0801307,
440,0.40924676981839264,0.40924676981839264,0.8389051556587219,1.7864389419555664,,,0.91582274,1.0524333,
441,0.41181679747321387,0.41181679747321387,0.8390451073646545,1.7862470149993896,,,0.915346,1.0518439,
442,0.40930319645188074,0.40930319645188074,0.84970822930336,1.8043509721755981,,,0.9282351,1.0841743,
443,0.4105405428192832,0.4105405428192832,0.8482732474803925,1.799700915813446,,,0.9185501,1.0664293,
444,0.4109626764600927,0.4109626764600927,0.8404772579669952,1.7905450463294983,,,0.91381365,1.0542997,
445,0.40825622190128674,0.40825622190128674,0.847404807806015,1.7966285347938538,,,0.9211831,1.0552292,
446,0.4113092449578372,0.4113092449578372,0.8395645916461945,1.7848140001296997,,,0.9161091,1.0376841,
447,0.40958256071264093,0.40958256071264093,0.8414922952651978,1.788640022277832,,,0.9151235,1.0445642,
448,0.41110670837489044,0.41110670837489044,0.8467473685741425,1.7956688404083252,,,0.91782683,1.037303,
449,0.41011724146929657,0.41011724146929657,0.8465344607830048,1.7918668985366821,,,0.9149789,1.0339739,
450,0.40684568069197913,0.40684568069197913,0.842896431684494,1.7886402010917664,0.17375800670208258,0.21034263867810138,0.91188025,1.0347031,
451,0.40529958497394214,0.40529958497394214,0.849784642457962,1.799499273300171,,,0.91657805,1.0364901,
452,0.4079314741221341,0.4079314741221341,0.8523947298526764,1.7990419268608093,,,0.92027384,1.0509063,
453,0.4065183319828727,0.4065183319828727,0.8399225175380707,1.7789411544799805,,,0.9076218,1.0279772,
454,0.40151304277506744,0.40151304277506744,0.8540435433387756,1.8002510070800781,,,0.9218697,1.059546,
455,0.4101390621878884,0.4101390621878884,0.8518070876598358,1.7985273599624634,,,0.91627395,1.0438784,
456,0.4060735892165791,0.4060735892165791,0.8418750464916229,1.7844722867012024,,,0.9105662,1.04122,
457,0.40505689653483307,0.40505689653483307,0.8379801213741302,1.7722042798995972,,,0.90595806,1.0272014,
458,0.4081790230490945,0.4081790230490945,0.8370400667190552,1.7734151482582092,,,0.9055844,1.0298117,
459,0.40130477330901404,0.40130477330901404,0.8472035825252533,1.7827284336090088,,,0.9147896,1.0513241,
460,0.4075327651067214,0.4075327651067214,0.8484668731689453,1.7888512015342712,,,0.9107261,1.0428793,
461,0.4050844609737396,0.4050844609737396,0.8395596444606781,1.774445354938507,,,0.90857923,1.0315586,
462,0.40631870789961383,0.40631870789961383,0.8482840657234192,1.7859026193618774,,,0.9224912,1.0657228,
463,0.4048538316379894,0.4048538316379894,0.8439088761806488,1.780144214630127,,,0.9101959,1.0397189,
464,0.40662504597143695,0.40662504597143695,0.8399774432182312,1.7774922251701355,,,0.906226,1.0317434,
465,0.40253169157288293,0.40253169157288293,0.8386411070823669,1.7760406732559204,,,0.9027488,1.0469793,
466,0.4022395475344224,0.4022395475344224,0.8517237603664398,1.7919467091560364,,,0.922312,1.0670084,
467,0.40632546760819177,0.40632546760819177,0.8463013768196106,1.7847875356674194,,,0.91270304,1.049738,
468,0.4051328084685586,0.4051328084685586,0.845291018486023,1.7854442596435547,,,0.9185906,1.0637777,
469,0.4069115844639865,0.4069115844639865,0.8503357470035553,1.7903443574905396,,,0.92053896,1.0676416,
470,0.40525283325802197,0.40525283325802197,0.8376520276069641,1.7749286890029907,,,0.9066216,1.0442427,
471,0.40214384956793353,0.40214384956793353,0.8451059460639954,1.7819311618804932,,,0.91169584,1.0489503,
472,0.4014540233395316,0.4014540233395316,0.8442501127719879,1.7834802269935608,,,0.9169441,1.0635659,
473,0.40805648402734235,0.40805648402734235,0.8394550383090973,1.775028944015503,,,0.9087261,1.0480616,
474,0.4037973095070232,0.4037973095070232,0.8384699523448944,1.7726552486419678,,,0.9055023,1.0425779,
475,0.4032027883963151,0.4032027883963151,0.8438775539398193,1.779584288597107,,,0.9072539,1.0458221,
476,0.4033754197033969,0.4033754197033969,0.8399149775505066,1.7754620909690857,,,0.9079123,1.0436269,
477,0.40710170431570575,0.40710170431570575,0.8391604721546173,1.7727316617965698,,,0.9070207,1.0427111,
478,0.40592893145301123,0.40592893145301123,0.8438399136066437,1.7821815013885498,,,0.909716,1.0494678,
479,0.4071980687704953,0.4071980687704953,0.8447844088077545,1.7791403532028198,,,0.90980583,1.0446215,
480,0.4037589972669428,0.4037589972669428,0.839342474937439,1.7737432718276978,,,0.90670854,1.045203,
481,0.40831287611614575,0.40831287611614575,0.8490367829799652,1.7848395705223083,,,0.9203627,1.0691497,
482,0.4050588743253188,0.4050588743253188,0.8445347249507904,1.7802826762199402,,,0.91068023,1.0477792,
483,0.4094414629719474,0.4094414629719474,0.8442061543464661,1.7762166261672974,,,0.9108868,1.0479774,
484,0.4058550650423223,0.4058550650423223,0.8512696623802185,1.7842640280723572,,,0.9160317,1.0622183,
485,0.40597228841348126,0.40597228841348126,0.8450296223163605,1.774438738822937,,,0.9136457,1.0580239,
486,0.4065547693859447,0.4065547693859447,0.8415898382663727,1.7724414467811584,,,0.90850914,1.052128,
487,0.40396189147775824,0.40396189147775824,0.8413602113723755,1.7722253203392029,,,0.9080571,1.0478591,
488,0.4071142998608676,0.4071142998608676,0.8477044403553009,1.7786856293678284,,,0.91229403,1.0578134,
489,0.40687553449110553,0.40687553449110553,0.84465292096138,1.7737993597984314,,,0.9109931,1.0570999,
490,0.40796727212992584,0.40796727212992584,0.8412576913833618,1.7697424292564392,,,0.90887314,1.0531505,
491,0.4057037423957478,0.4057037423957478,0.8395890891551971,1.7666139006614685,,,0.9066213,1.0452461,
492,0.4037043479355899,0.4037043479355899,0.8386540412902832,1.765670120716095,,,0.90581423,1.0447075,
493,0.4045047976753928,0.4045047976753928,0.841446191072464,1.7676005959510803,,,0.906691,1.0461332,
494,0.40253493189811707,0.40253493189811707,0.8387716710567474,1.7646759748458862,,,0.9055472,1.0463718,
495,0.4021120775829662,0.4021120775829662,0.8429112136363983,1.7702134847640991,,,0.9073754,1.0508195,
496,0.4038661068136042,0.4038661068136042,0.8414997160434723,1.7676015496253967,,,0.9059124,1.0451589,
497,0.4052304137836803,0.4052304137836803,0.8506695628166199,1.7864171862602234,,,0.9156058,1.0623333,
498,0.40737480467016046,0.40737480467016046,0.8455897867679596,1.7803702354431152,,,0.90823627,1.0483651,
499,0.40352838147770276,0.40352838147770276,0.841226726770401,1.765169620513916,,,0.9052205,1.044539,
500,0.4066333608193831,0.4066333608193831,0.8383829593658447,1.7672486901283264,0.18813936644491813,0.29498561663952716,0.90413624,1.0452085,100.0
501,0.40311458706855774,0.40311458706855774,0.8376007676124573,1.7659590244293213,,,0.9025706,1.0405613,
502,0.40205519849603827,0.40205519849603827,0.8372067809104919,1.7665172815322876,,,0.90269446,1.0424451,
503,0.4021003679795699,0.4021003679795699,0.8464091420173645,1.7842912673950195,,,0.90679353,1.0445493,
504,0.3994773572141474,0.3994773572141474,0.8372530341148376,1.764838695526123,,,0.90232915,1.0434725,
505,0.4034759375182065,0.4034759375182065,0.8367092311382294,1.763584852218628,,,0.9013974,1.036166,
506,0.40074374729936774,0.40074374729936774,0.8394492566585541,1.7654154896736145,,,0.90288013,1.0454348,
507,0.40161227638071234,0.40161227638071234,0.8337685763835907,1.7587770819664001,,,0.8996095,1.0371529,
508,0.4064443219791759,0.4064443219791759,0.8462283909320831,1.782453715801239,,,0.90542674,1.0428392,
509,0.40431212295185437,0.40431212295185437,0.8453727960586548,1.7755120396614075,,,0.9090103,1.0566955,
510,0.401893057606437,0.401893057606437,0.8399028182029724,1.7682074308395386,,,0.9061023,1.0514752,
511,0.40636651624332776,0.40636651624332776,0.8493312895298004,1.7879694104194641,,,0.9111789,1.0530878,
512,0.40662306818095123,0.40662306818095123,0.8420146703720093,1.770083487033844,,,0.9070026,1.0537374,
513,0.403582673181187,0.403582673181187,0.8411403596401215,1.7684656977653503,,,0.9062294,1.0446999,
514,0.40208083391189575,0.40208083391189575,0.8438810408115387,1.7711530327796936,,,0.91078544,1.0597403,
515,0.40426020188765094,0.40426020188765094,0.8404254019260406,1.7627282738685608,,,0.905782,1.0450034,
516,0.40230088884180243,0.40230088884180243,0.8360397517681122,1.753461241722107,,,0.89932716,1.0359002,
517,0.4012568836862391,0.4012568836862391,0.8342783153057098,1.7534034848213196,,,0.8973666,1.0341834,
518,0.4001641734079881,0.4001641734079881,0.8332631886005402,1.7533273696899414,,,0.8965463,1.0333796,
519,0.40275640379298816,0.40275640379298816,0.855210691690445,1.7863875031471252,,,0.9156371,1.0647237,
520,0.4021150063384663,0.4021150063384663,0.8357158899307251,1.7539151906967163,,,0.90030086,1.0351706,
521,0.40071155808188696,0.40071155808188696,0.8388970196247101,1.757652223110199,,,0.9004443,1.042437,
522,0.4009392694993453,0.4009392694993453,0.8436382114887238,1.7724134922027588,,,0.901732,1.0337698,
523,0.3998637416146018,0.3998637416146018,0.8373242318630219,1.7626015543937683,,,0.8938237,1.0271739,
524,0.4028902460228313,0.4028902460228313,0.8354401886463165,1.751871109008789,,,0.89818543,1.0343624,
525,0.3972018333998593,0.3972018333998593,0.8328771889209747,1.747460961341858,,,0.89568245,1.0169201,
526,0.39710253748026764,0.39710253748026764,0.8413693308830261,1.7664772868156433,,,0.9001346,1.0217147,
527,0.4016319919716228,0.4016319919716228,0.8465974926948547,1.7714601159095764,,,0.9079544,1.0412226,
528,0.40111819180575287,0.40111819180575287,0.8439342975616455,1.7702918648719788,,,0.89813125,1.0312309,
529,0.399611313234676,0.399611313234676,0.8306379616260529,1.7454447746276855,,,0.89371437,1.0191896,
530,0.3994428217411041,0.3994428217411041,0.8417566418647766,1.7586047649383545,,,0.90822357,1.0515712,
531,0.4009900147264654,0.4009900147264654,0.8326891958713531,1.7469765543937683,,,0.89485383,1.0280918,
532,0.402381414716894,0.402381414716894,0.8434101343154907,1.7690324783325195,,,0.89826924,1.0406305,
533,0.4059438163583929,0.4059438163583929,0.8509887158870697,1.7754461765289307,,,0.91037434,1.0542907,
534,0.40151153911243787,0.40151153911243787,0.8441473245620728,1.762543797492981,,,0.9030484,1.032195,
535,0.39948671514337714,0.39948671514337714,0.8401676416397095,1.7541013360023499,,,0.90095377,1.0277041,
536,0.4022053507241336,0.4022053507241336,0.8347209095954895,1.7455434799194336,,,0.8933111,1.024538,
537,0.40153109756383026,0.40153109756383026,0.8400433957576752,1.752626895904541,,,0.90007293,1.0289794,
538,0.4027100584723733,0.4027100584723733,0.8416943252086639,1.7520236372947693,,,0.9039083,1.0373253,
539,0.4063207588412545,0.4063207588412545,0.841594785451889,1.7522125840187073,,,0.90370363,1.030714,
540,0.4014012244614688,0.4014012244614688,0.8366281688213348,1.7499290108680725,,,0.8979675,1.011169,
541,0.3963876149871133,0.3963876149871133,0.8345753848552704,1.7417582869529724,,,0.89428765,1.0256612,
542,0.3981643454595046,0.3981643454595046,0.8362960517406464,1.7430733442306519,,,0.8989463,1.0216887,
543,0.4012093625285409,0.4012093625285409,0.8372058868408203,1.7480226755142212,,,0.89815855,1.0251042,
544,0.401668364351446,0.401668364351446,0.8409641981124878,1.750693678855896,,,0.90520483,1.0291748,
545,0.3978264033794403,0.3978264033794403,0.8381738066673279,1.7495310306549072,,,0.90096056,1.0403283,
546,0.4002080803567713,0.4002080803567713,0.8358025252819061,1.7475315928459167,,,0.89775974,1.0222563,
547,0.40001004934310913,0.40001004934310913,0.8345504701137543,1.7454602718353271,,,0.89547104,1.0326312,
548,0.40161725878715515,0.40161725878715515,0.8356686532497406,1.7462853789329529,,,0.89794743,1.0330486,
549,0.3998425061052496,0.3998425061052496,0.8344611823558807,1.744066834449768,,,0.8962956,1.0209876,
550,0.3958751884373752,0.3958751884373752,0.8349596560001373,1.7439211010932922,0.19710009436927944,0.23850965649968878,0.89710563,1.0372193,
551,0.4019394273107702,0.4019394273107702,0.834960013628006,1.745771586894989,,,0.8954634,1.0297041,
552,0.3979700045152144,0.3979700045152144,0.8327826857566833,1.7427929639816284,,,0.8943955,1.0186568,
553,0.39863663099028845,0.39863663099028845,0.8322091996669769,1.7411826848983765,,,0.8938644,1.0159279,
554,0.3964733589779247,0.3964733589779247,0.8293419480323792,1.737326741218567,,,0.889289,1.0102702,
555,0.39691957289522345,0.39691957289522345,0.8314465582370758,1.7407740950584412,,,0.8901992,1.0259292,
556,0.39867722717198456,0.39867722717198456,0.8532068729400635,1.7891239523887634,,,0.903919,1.0383561,
557,0.40279038656841626,0.40279038656841626,0.8570497632026672,1.8193564414978027,,,0.90271544,1.026387,
558,0.40098170800642535,0.40098170800642535,0.8506095707416534,1.7817451357841492,,,0.90214884,1.0410413,
559,0.4013260982253335,0.4013260982253335,0.8514595627784729,1.7887614369392395,,,0.8993914,1.0325491,
560,0.4002703374082392,0.4002703374082392,0.8479176461696625,1.7694831490516663,,,0.8969955,1.0330188,
561,0.4007417451251637,0.4007417451251637,0.8501570820808411,1.7736873030662537,,,0.9008717,1.0286144,
562,0.399117648601532,0.399117648601532,0.8464269638061523,1.7668722867965698,,,0.8966264,1.0138016,
563,0.39826132221655414,0.39826132221655414,0.8456053137779236,1.7618414163589478,,,0.89780134,1.0306997,
564,0.39982431585138495,0.39982431585138495,0.8439930975437164,1.755876362323761,,,0.8967182,1.0254433,
565,0.4001257934353568,0.4001257934353568,0.8433198928833008,1.7542694807052612,,,0.895215,1.0257945,
566,0.39882257309826935,0.39882257309826935,0.8443497121334076,1.7495676279067993,,,0.89694476,1.0162355,
567,0.3996802162040364,0.3996802162040364,0.8394185900688171,1.7432202696800232,,,0.8918294,1.0180072,
568,0.3983669010075656,0.3983669010075656,0.8393538594245911,1.74534010887146,,,0.8901405,1.0198001,
569,0.3988913893699646,0.3988913893699646,0.8382813334465027,1.7417211532592773,,,0.88910395,1.0162988,
570,0.3962719277902083,0.3962719277902083,0.8440837860107422,1.745256781578064,,,0.89708024,1.0223111,
571,0.400774898854169,0.400774898854169,0.8447159230709076,1.7466764450073242,,,0.8986332,1.0238187,
572,0.4001538238742135,0.4001538238742135,0.8448319435119629,1.744572103023529,,,0.89616364,1.0209637,
573,0.40149246833541175,0.40149246833541175,0.8453664481639862,1.743458092212677,,,0.89728814,1.0199822,
574,0.39851412718946283,0.39851412718946283,0.8443542420864105,1.744511604309082,,,0.8957097,1.0162475,
575,0.40213536674326117,0.40213536674326117,0.8456378877162933,1.7427244782447815,,,0.89827454,1.0173279,
576,0.3977025964043357,0.3977025964043357,0.847305566072464,1.7441436052322388,,,0.90076345,1.0207518,
577,0.4002038457176902,0.4002038457176902,0.8400509059429169,1.7354166507720947,,,0.8901677,1.0081172,
578,0.4020030444318598,0.4020030444318598,0.8427781164646149,1.7392520308494568,,,0.8945127,1.0154854,
579,0.3993462893095883,0.3993462893095883,0.841438502073288,1.7346357703208923,,,0.89544815,1.0148233,
580,0.39949417927048425,0.39949417927048425,0.8454179465770721,1.7376219630241394,,,0.8967073,1.0143101,
581,0.39629035375335,0.39629035375335,0.8396967649459839,1.7329134345054626,,,0.890306,1.009314,
582,0.3950723572210832,0.3950723572210832,0.8416138589382172,1.7343470454216003,,,0.89293885,1.0087742,
583,0.3978661759333177,0.3978661759333177,0.8437709808349609,1.7348600625991821,,,0.8958827,1.0074162,
584,0.39622546326030383,0.39622546326030383,0.839458703994751,1.729850172996521,,,0.8905769,1.0021149,
585,0.3990935737436468,0.3990935737436468,0.8355498611927032,1.7266343235969543,,,0.88489,0.9969549,
586,0.3996563337065957,0.3996563337065957,0.8414393067359924,1.7319336533546448,,,0.8936156,1.0081087,
587,0.4004671438173814,0.4004671438173814,0.8408725261688232,1.7286966443061829,,,0.8944793,1.003595,
588,0.4035678587176583,0.4035678587176583,0.8448658883571625,1.7308105826377869,,,0.8988239,1.0142606,
589,0.3987597308375619,0.3987597308375619,0.8421479761600494,1.72762131690979,,,0.89655393,1.0128235,
590,0.40117419036951935,0.40117419036951935,0.846826821565628,1.7301384210586548,,,0.9026337,1.0158384,
591,0.39810241623358295,0.39810241623358295,0.8460028767585754,1.7317395210266113,,,0.90075785,1.0194792,
592,0.3991632732478055,0.3991632732478055,0.837355762720108,1.7195512056350708,,,0.8939971,1.0080957,
593,0.39894179051572626,0.39894179051572626,0.8424676954746246,1.724170982837677,,,0.89680094,1.0046661,
594,0.3997249386527322,0.3997249386527322,0.8440093994140625,1.724771499633789,,,0.9007094,1.0141661,
595,0.40428209033879364,0.40428209033879364,0.8501530289649963,1.7326363921165466,,,0.90663284,1.0095191,
596,0.40433586185628717,0.40433586185628717,0.8447202146053314,1.728623628616333,,,0.90221745,1.0125146,
597,0.4022547413002361,0.4022547413002361,0.8427242934703827,1.722074270248413,,,0.8996251,1.0091369,
598,0.39947820793498645,0.39947820793498645,0.8455823659896851,1.7244553565979004,,,0.89962935,1.0090889,
599,0.39957896958697925,0.39957896958697925,0.8489727973937988,1.7248345613479614,,,0.90456194,1.0161673,
600,0.4047355976971713,0.4047355976971713,0.842175304889679,1.7201508283615112,0.2078122951793544,0.29950387843883236,0.898278,1.0032908,100.0
601,0.40051663463765924,0.40051663463765924,0.8458579182624817,1.7239401936531067,,,0.90456134,1.004982,
602,0.40054127303036774,0.40054127303036774,0.8456634283065796,1.7208254933357239,,,0.9035033,1.0003403,
603,0.40044645829634234,0.40044645829634234,0.8508243560791016,1.7235740423202515,,,0.9082627,1.0122566,
604,0.4047720649025657,0.4047720649025657,0.8532073795795441,1.7251468300819397,,,0.910981,1.0132343,
605,0.4053646542809226,0.4053646542809226,0.851121187210083,1.7236729264259338,,,0.9085022,1.0127647,
606,0.4048099301078103,0.4048099301078103,0.8546810746192932,1.7263394594192505,,,0.910002,1.016309,
607,0.4063794802535664,0.4063794802535664,0.8496361672878265,1.7236079573631287,,,0.9060168,1.0179154,
608,0.4033222740346735,0.4033222740346735,0.8543785810470581,1.7249588370323181,,,0.9086086,1.0192503,
609,0.4054938554763794,0.4054938554763794,0.8487950563430786,1.7212389707565308,,,0.9053784,1.017281,
610,0.4026478203860196,0.4026478203860196,0.8531315326690674,1.7231985330581665,,,0.9085544,1.0174682,
611,0.4039731432091106,0.4039731432091106,0.8494211435317993,1.7200084924697876,,,0.9007958,1.0087913,
612,0.40240842374888336,0.40240842374888336,0.8483996987342834,1.7181327939033508,,,0.9051112,1.0106905,
613,0.4017837779088454,0.4017837779088454,0.8450645208358765,1.7155809998512268,,,0.90071726,1.013647,
614,0.401202765378085,0.401202765378085,0.8460984230041504,1.7150048613548279,,,0.90164715,1.0141249,
615,0.4030605310743505,0.4030605310743505,0.8446737229824066,1.7134764790534973,,,0.90038323,1.0056657,
616,0.40073415637016296,0.40073415637016296,0.8449310064315796,1.7152985334396362,,,0.9009418,1.0125734,
617,0.3997707719152624,0.3997707719152624,0.8483088910579681,1.7159435153007507,,,0.9014812,1.0040892,
618,0.39814038981090893,0.39814038981090893,0.8432819545269012,1.7113787531852722,,,0.8988377,1.0061952,
619,0.3986896655776284,0.3986896655776284,0.8421233892440796,1.709068775177002,,,0.8960998,0.99259096,
620,0.3984811685302041,0.3984811685302041,0.8404709994792938,1.707748830318451,,,0.89449286,1.0012884,
621,0.3979326459494504,0.3979326459494504,0.8452255427837372,1.7116179466247559,,,0.9008034,1.0062766,
622,0.4008511711250652,0.4008511711250652,0.8440955281257629,1.712199091911316,,,0.8999772,1.0054302,
623,0.400691880421205,0.400691880421205,0.8433358669281006,1.710338294506073,,,0.8988823,0.9961963,
624,0.3992173292420127,0.3992173292420127,0.8428957164287567,1.7060815691947937,,,0.8978745,1.0106856,
625,0.401050711219961,0.401050711219961,0.8491895496845245,1.7134878635406494,,,0.90749854,1.0097808,
626,0.40053002400831744,0.40053002400831744,0.844575971364975,1.707185447216034,,,0.8999818,0.9943014,
627,0.39934750307690015,0.39934750307690015,0.8439216613769531,1.7061784863471985,,,0.89916146,0.9974289,
628,0.4035384031859311,0.4035384031859311,0.848021537065506,1.708855390548706,,,0.9052427,1.0044366,
629,0.4031562263315374,0.4031562263315374,0.8428001701831818,1.7027530074119568,,,0.89758706,0.9941509,
630,0.40159238468516956,0.40159238468516956,0.8467763364315033,1.7059815526008606,,,0.9034313,1.0000157,
631,0.4035949625752189,0.4035949625752189,0.8539932668209076,1.7122816443443298,,,0.90710336,1.0065502,
632,0.40263043479485944,0.40263043479485944,0.8458161354064941,1.7060637474060059,,,0.90143865,0.98905486,
633,0.39977017586881464,0.39977017586881464,0.8498968780040741,1.7063289284706116,,,0.90091085,0.9967033,
634,0.40022861144759436,0.40022861144759436,0.8408627212047577,1.6955373883247375,,,0.89482677,0.9893965,
635,0.3999190872365778,0.3999190872365778,0.8516975939273834,1.7092458009719849,,,0.90287596,0.99447596,
636,0.3983724632046439,0.3983724632046439,0.840921014547348,1.696855366230011,,,0.8948345,0.9908892,
637,0.39494716308333655,0.39494716308333655,0.8464497327804565,1.7018272876739502,,,0.8947945,0.9745349,
638,0.3974983908913352,0.3974983908913352,0.8348691463470459,1.6872185468673706,,,0.88624305,0.9661376,
639,0.39424908432093536,0.39424908432093536,0.8342652022838593,1.6863855123519897,,,0.88529134,0.96688175,
640,0.39709800481796265,0.39709800481796265,0.8336591720581055,1.6860063076019287,,,0.884186,0.9686967,
641,0.39430167458274146,0.39430167458274146,0.8358834981918335,1.689332365989685,,,0.8873125,0.96983147,
642,0.39231336929581384,0.39231336929581384,0.8359365165233612,1.6887781620025635,,,0.8877984,0.9719962,
643,0.395192181522196,0.395192181522196,0.8320805132389069,1.6822702884674072,,,0.8819594,0.9622384,
644,0.3908216275952079,0.3908216275952079,0.8392078876495361,1.6834808588027954,,,0.8859346,0.9689959,
645,0.3925215005874634,0.3925215005874634,0.8293896317481995,1.6764615774154663,,,0.87814665,0.9577443,
646,0.3910010375759818,0.3910010375759818,0.8316792845726013,1.6752538084983826,,,0.8834846,0.9653647,
647,0.39224280552430585,0.39224280552430585,0.8355242908000946,1.675614595413208,,,0.8839546,0.96978736,
648,0.39513430812142114,0.39513430812142114,0.8238854706287384,1.6624369025230408,,,0.87519604,0.9575408,
649,0.3915252848104997,0.3915252848104997,0.8251779675483704,1.6596195101737976,,,0.8767773,0.95644695,
650,0.3911182528192347,0.3911182528192347,0.8317141532897949,1.6672797203063965,0.22250927293222966,0.2971852852596097,0.87952423,0.95888597,
651,0.3962119330059398,0.3962119330059398,0.8335950374603271,1.6690543293952942,,,0.8828038,0.96177554,
652,0.3941291733221574,0.3941291733221574,0.8270689249038696,1.6612235307693481,,,0.8760938,0.9528063,
653,0.3915678750384938,0.3915678750384938,0.8280308842658997,1.6668462753295898,,,0.881266,0.9626425,
654,0.39097528836943884,0.39097528836943884,0.8330001831054688,1.671158492565155,,,0.8807117,0.9605128,
655,0.39432197538289154,0.39432197538289154,0.8232376575469971,1.6601304411888123,,,0.8755277,0.95367706,
656,0.3873184052380649,0.3873184052380649,0.8213930428028107,1.6570197939872742,,,0.86978585,0.9475211,
657,0.38942558657039295,0.38942558657039295,0.8245684206485748,1.6604522466659546,,,0.87594074,0.95625925,
658,0.3885857950557362,0.3885857950557362,0.8310320675373077,1.6653106808662415,,,0.8803515,0.95704806,
659,0.3907645453106273,0.3907645453106273,0.8265001177787781,1.6622468829154968,,,0.8745981,0.94734055,
660,0.3941378783095967,0.3941378783095967,0.8343066573143005,1.6688599586486816,,,0.88310724,0.96943253,
661,0.3928052241151983,0.3928052241151983,0.8269226849079132,1.6585693955421448,,,0.8760998,0.95150465,
662,0.38862189108675177,0.38862189108675177,0.819320946931839,1.6465421319007874,,,0.8718917,0.9486479,
663,0.39032077247446234,0.39032077247446234,0.8353720009326935,1.6640403270721436,,,0.8807358,0.9594245,
664,0.3908757269382477,0.3908757269382477,0.827883780002594,1.6528027057647705,,,0.87302506,0.94723994,
665,0.39051893082532013,0.39051893082532013,0.8251939117908478,1.651310920715332,,,0.86984754,0.94740015,
666,0.3907275525006381,0.3907275525006381,0.8242748081684113,1.652561604976654,,,0.8728936,0.94998044,
667,0.38791729645295575,0.38791729645295575,0.8210957050323486,1.6454492807388306,,,0.8685753,0.95237434,
668,0.3901895528489893,0.3901895528489893,0.8241812586784363,1.6483761072158813,,,0.8697125,0.95189244,
669,0.38656956228342926,0.38656956228342926,0.81925168633461,1.6427063941955566,,,0.8731896,0.961482,
670,0.39066945151849225,0.39066945151849225,0.8245605230331421,1.6506291627883911,,,0.87401825,0.96131164,
671,0.38916448842395435,0.38916448842395435,0.8252236545085907,1.6485024690628052,,,0.8745267,0.9567507,
672,0.3868686963211406,0.3868686963211406,0.8219850659370422,1.6427202820777893,,,0.87027764,0.9523438,
673,0.38667786663228815,0.38667786663228815,0.8178998231887817,1.6416000127792358,,,0.8720295,0.9450993,
674,0.39116455750031903,0.39116455750031903,0.8171455264091492,1.6386050581932068,,,0.87131286,0.9516166,
675,0.3907474252310666,0.3907474252310666,0.8185436129570007,1.6398234367370605,,,0.8701243,0.9549114,
676,0.3886453021656383,0.3886453021656383,0.819978266954422,1.644465684890747,,,0.8734267,0.9624349,
677,0.38806203278628265,0.38806203278628265,0.8207630515098572,1.642198085784912,,,0.8683604,0.95494795,
678,0.38976247202266345,0.38976247202266345,0.8225007951259613,1.6443473100662231,,,0.8711951,0.95925176,
679,0.3921880532394756,0.3921880532394756,0.8233406245708466,1.6469690799713135,,,0.87259126,0.9658644,
680,0.3868038058280945,0.3868038058280945,0.8207021951675415,1.643086016178131,,,0.86936444,0.96591526,
681,0.3837665780024095,0.3837665780024095,0.8154338598251343,1.637844741344452,,,0.868222,0.9557255,
682,0.38709447058764374,0.38709447058764374,0.8190269768238068,1.6416665315628052,,,0.8666442,0.9633079,
683,0.38461103493517096,0.38461103493517096,0.8190224468708038,1.6379884481430054,,,0.8673869,0.9571899,
684,0.38731761412187055,0.38731761412187055,0.8210992813110352,1.6443479657173157,,,0.86977834,0.965533,
685,0.38785217295993457,0.38785217295993457,0.8176220655441284,1.6360894441604614,,,0.8651168,0.9613227,
686,0.38663369146260346,0.38663369146260346,0.8207331597805023,1.6404303312301636,,,0.8705373,0.95425993,
687,0.38754860921339557,0.38754860921339557,0.8235217928886414,1.645864486694336,,,0.87425065,0.9837141,
688,0.3841162378137762,0.3841162378137762,0.8102163076400757,1.6221429109573364,,,0.861073,0.94688916,
689,0.3839810409329154,0.3839810409329154,0.80718132853508,1.6228034496307373,,,0.8572385,0.9548621,
690,0.382254958152771,0.382254958152771,0.8193909823894501,1.6377525925636292,,,0.8681136,0.9606777,
691,0.38372243534434924,0.38372243534434924,0.8148023784160614,1.6321797966957092,,,0.8609086,0.96983904,
692,0.38286259228532965,0.38286259228532965,0.8189137578010559,1.6345019340515137,,,0.8669825,0.9551352,
693,0.3832239183512601,0.3832239183512601,0.8141149580478668,1.6299473643302917,,,0.8605485,0.9628984,
694,0.3857590014284307,0.3857590014284307,0.8197111785411835,1.635311484336853,,,0.86923397,0.9785852,
695,0.38400269638408313,0.38400269638408313,0.8143368363380432,1.6259100437164307,,,0.86121994,0.9560234,
696,0.38216060400009155,0.38216060400009155,0.8142256438732147,1.6244569420814514,,,0.8614679,0.95657164,
697,0.3819215487350117,0.3819215487350117,0.8215636312961578,1.6353136897087097,,,0.8646759,0.9600209,
698,0.38226845589551056,0.38226845589551056,0.8116025924682617,1.6233124732971191,,,0.85796684,0.9625914,
699,0.38149411299011926,0.38149411299011926,0.8130326867103577,1.6225016117095947,,,0.86120963,0.960098,
700,0.3812727467580275,0.3812727467580275,0.808818906545639,1.618970513343811,0.2644331239745822,0.4357047179273761,0.8594104,0.97141385,100.0
701,0.38424802639267663,0.38424802639267663,0.8111777603626251,1.6224068403244019,,,0.8576227,0.9637139,
702,0.3828818608414043,0.3828818608414043,0.8126502335071564,1.620401680469513,,,0.860378,0.9668821,
703,0.3810677636753429,0.3810677636753429,0.8091673851013184,1.6192768812179565,,,0.85576373,0.9718634,
704,0.3804178644310344,0.3804178644310344,0.8099761009216309,1.6172426342964172,,,0.85499537,0.9669152,
705,0.38003727251833136,0.38003727251833136,0.8131109476089478,1.6202160716056824,,,0.8609979,0.9743528,
706,0.38659726760604163,0.38659726760604163,0.8036575019359589,1.6085463762283325,,,0.853695,0.96588933,
707,0.38365438851443207,0.38365438851443207,0.8088988065719604,1.6178540587425232,,,0.8551276,0.97186744,
708,0.3795635131272403,0.3795635131272403,0.8339100182056427,1.8125813603401184,,,0.89098144,1.0690916,
709,0.38809756257317285,0.38809756257317285,0.8084498643875122,1.614055573940277,,,0.85518926,0.9654191,
710,0.3801195594397458,0.3801195594397458,0.80075603723526,1.602816641330719,,,0.8511909,0.963594,
711,0.3793291205709631,0.3793291205709631,0.8018629252910614,1.6066243648529053,,,0.8520653,0.96102655,
712,0.3796378888867118,0.3796378888867118,0.8094021677970886,1.6163323521614075,,,0.8556202,0.9772958,
713,0.3787028328938918,0.3787028328938918,0.8060321509838104,1.6115259528160095,,,0.851548,0.96017116,
714,0.3799664784561504,0.3799664784561504,0.8084523975849152,1.609967589378357,,,0.8538262,0.9694712,
715,0.3774976134300232,0.3774976134300232,0.8082431554794312,1.6105905771255493,,,0.85338527,0.97158754,
716,0.3787537759000605,0.3787537759000605,0.8038519024848938,1.6043444871902466,,,0.8502457,0.9691079,
717,0.3778844286095012,0.3778844286095012,0.8032561242580414,1.606269359588623,,,0.8495257,0.9702654,
718,0.38008682836185803,0.38008682836185803,0.7947297096252441,1.598544180393219,,,0.8427434,0.9576017,
719,0.37378306551413104,0.37378306551413104,0.8024586141109467,1.6043347120285034,,,0.846728,0.97456115,
720,0.38469529151916504,0.38469529151916504,0.8016052544116974,1.5999451279640198,,,0.8477463,0.96371436,
721,0.37500420212745667,0.37500420212745667,0.8025386333465576,1.5997880101203918,,,0.84950876,0.9591972,
722,0.37781385671008716,0.37781385671008716,0.7946081757545471,1.5908231735229492,,,0.84413075,0.9599794,
723,0.37473235347054223,0.37473235347054223,0.7982242107391357,1.5988191366195679,,,0.8435549,0.96521795,
724,0.37651733647693286,0.37651733647693286,0.8034532070159912,1.6039232015609741,,,0.84671324,0.95504576,
725,0.37677245519377967,0.37677245519377967,0.7997052669525146,1.596223771572113,,,0.84520155,0.9735951,
726,0.38096983324397693,0.38096983324397693,0.8098765909671783,1.6134493947029114,,,0.8504989,0.9635944,
727,0.3802123394879428,0.3802123394879428,0.8068740963935852,1.6123360991477966,,,0.8527707,0.9696336,
728,0.37740846384655347,0.37740846384655347,0.8003608584403992,1.6130412817001343,,,0.84479105,0.96375746,
729,0.38016689094630157,0.38016689094630157,0.8062629401683807,1.619831621646881,,,0.8481144,0.95480764,
730,0.3806359415704554,0.3806359415704554,0.8056600391864777,1.6182480454444885,,,0.85269684,0.9564694,
731,0.3824856362559579,0.3824856362559579,0.8107893168926239,1.6238450407981873,,,0.85581726,0.96183515,
732,0.3850783488967202,0.3850783488967202,0.8182877600193024,1.6582072973251343,,,0.8670836,0.97258675,
733,0.38408357175913727,0.38408357175913727,0.814591258764267,1.6358002424240112,,,0.85794073,0.96159947,
734,0.3813779110258276,0.3813779110258276,0.8129445016384125,1.6290016770362854,,,0.85994583,0.9812665,
735,0.3795959705656225,0.3795959705656225,0.814666360616684,1.6359524130821228,,,0.85826033,0.97837853,
736,0.3795314512469552,0.3795314512469552,0.8135582804679871,1.629261314868927,,,0.8565657,0.96933126,
737,0.3859535889192061,0.3859535889192061,0.8200438320636749,1.6355746388435364,,,0.86124957,0.98185575,
738,0.3884911726821553,0.3884911726821553,0.8172876238822937,1.6607266068458557,,,0.86539274,0.97107714,
739,0.384496656331149,0.384496656331149,0.8165173828601837,1.6581068634986877,,,0.8624278,0.9602575,
740,0.38906617056239734,0.38906617056239734,0.8180332481861115,1.6599004864692688,,,0.8645339,0.9703675,
741,0.38450686498121783,0.38450686498121783,0.8122759759426117,1.652884304523468,,,0.85676086,0.9617884,
742,0.3837374611334367,0.3837374611334367,0.8134395778179169,1.6524864435195923,,,0.86090696,0.96614367,
743,0.3836274607615037,0.3836274607615037,0.8159132301807404,1.6571277379989624,,,0.8621589,0.97304845,
744,0.38646640289913525,0.38646640289913525,0.8153485059738159,1.6566904187202454,,,0.8617145,0.9706483,
745,0.38591957092285156,0.38591957092285156,0.8104113638401031,1.6470940709114075,,,0.85710055,0.9803595,
746,0.38310133056207135,0.38310133056207135,0.8106048405170441,1.6447033286094666,,,0.8562593,0.9675829,
747,0.38265338811007416,0.38265338811007416,0.8154478669166565,1.686291217803955,,,0.8615216,0.9907805,
748,0.3813534595749595,0.3813534595749595,0.8064982295036316,1.6409234404563904,,,0.8518291,0.9665656,
749,0.38073023611849005,0.38073023611849005,0.8095552921295166,1.645512342453003,,,0.85312027,0.9769415,
750,0.3839059661735188,0.3839059661735188,0.8122090995311737,1.6569163799285889,0.3451815267380123,0.7390204339994351,0.8610778,0.9827372,
751,0.3822610757567666,0.3822610757567666,0.8149866461753845,1.6523021459579468,,,0.86128426,0.9689267,
752,0.380192369222641,0.380192369222641,0.8054890036582947,1.6372115015983582,,,0.8510489,0.9749682,
753,0.3771752552552657,0.3771752552552657,0.8022980988025665,1.6314236521720886,,,0.8481626,0.9835335,
754,0.3802289908582514,0.3802289908582514,0.8146451711654663,1.6432574391365051,,,0.86077267,0.9777541,
755,0.3808088383891366,0.3808088383891366,0.8063275516033173,1.6295393109321594,,,0.8507832,0.9825402,
756,0.3795315975492651,0.3795315975492651,0.8012758493423462,1.6289011240005493,,,0.84743464,0.9699457,
757,0.3771398934451016,0.3771398934451016,0.8046920597553253,1.6346014142036438,,,0.85243416,0.9689646,
758,0.3825912719423121,0.3825912719423121,0.8087392747402191,1.6362953186035156,,,0.8540597,0.98857284,
759,0.3777034201405265,0.3777034201405265,0.8016878068447113,1.6265165209770203,,,0.84747434,0.97180396,
760,0.37754724242470483,0.37754724242470483,0.8093311488628387,1.6306910514831543,,,0.8575303,0.98683625,
761,0.3780639144507321,0.3780639144507321,0.8037594854831696,1.6309959292411804,,,0.85197765,0.9692414,
762,0.37768250703811646,0.37768250703811646,0.8095706403255463,1.6377068758010864,,,0.8553758,0.9852706,
763,0.37794971195134247,0.37794971195134247,0.8049679696559906,1.6238595843315125,,,0.85223156,0.97679603,
764,0.37899646162986755,0.37899646162986755,0.8024755716323853,1.6243870258331299,,,0.8521091,0.9810975,
765,0.3787413537502289,0.3787413537502289,0.8006579577922821,1.6244245767593384,,,0.8487087,0.9840362,
766,0.3768067820505662,0.3768067820505662,0.8062120676040649,1.6268648505210876,,,0.8525571,0.99518144,
767,0.3770354390144348,0.3770354390144348,0.8013456463813782,1.6182912588119507,,,0.8469596,0.97354686,
768,0.37528719143434003,0.37528719143434003,0.795798659324646,1.6146129965782166,,,0.8437804,0.9748768,
769,0.3764512755654075,0.3764512755654075,0.8064792156219482,1.6294573545455933,,,0.8515626,0.9889529,
770,0.37956568598747253,0.37956568598747253,0.8009173572063446,1.6231883764266968,,,0.8483208,0.9705887,
771,0.3765708262270147,0.3765708262270147,0.7974058389663696,1.6162580251693726,,,0.8415722,0.9870441,
772,0.37607643550092523,0.37607643550092523,0.8033009171485901,1.623067021369934,,,0.8505658,0.9853834,
773,0.3801925101063468,0.3801925101063468,0.8038987219333649,1.6175324320793152,,,0.8510592,0.97222805,
774,0.38143987547267566,0.38143987547267566,0.8064136207103729,1.6231563091278076,,,0.854075,0.9906997,
775,0.3789818720384078,0.3789818720384078,0.798281341791153,1.6185446977615356,,,0.8472591,0.9817752,
776,0.37816686792807147,0.37816686792807147,0.7986391484737396,1.6150522232055664,,,0.84841436,0.9813303,
777,0.3786080100319602,0.3786080100319602,0.8035022616386414,1.6204041838645935,,,0.8498612,0.9809805,
778,0.3791877031326294,0.3791877031326294,0.8078676462173462,1.6230721473693848,,,0.85765904,0.9786949,
779,0.3796073550527746,0.3796073550527746,0.8087933659553528,1.6288836002349854,,,0.8564439,0.9881114,
780,0.38965240662748163,0.38965240662748163,0.8036147058010101,1.617101788520813,,,0.8502053,0.98126364,
781,0.3780546405098655,0.3780546405098655,0.8034340441226959,1.6204054355621338,,,0.8506119,0.99425924,
782,0.3762781457467513,0.3762781457467513,0.8048663437366486,1.6194316148757935,,,0.8534606,0.99441904,
783,0.3793382156978954,0.3793382156978954,0.8028849065303802,1.6202785968780518,,,0.84976333,0.99793595,
784,0.38026256181977014,0.38026256181977014,0.8028373718261719,1.618158757686615,,,0.8514219,0.9910863,
785,0.3776792667128823,0.3776792667128823,0.8027589023113251,1.616743564605713,,,0.8516721,0.9907843,
786,0.379957759922201,0.379957759922201,0.803794801235199,1.6200388669967651,,,0.8533058,0.99774563,
787,0.3781006065281955,0.3781006065281955,0.7983878254890442,1.6155826449394226,,,0.8452043,1.0003867,
788,0.3773016252300956,0.3773016252300956,0.8011228442192078,1.615504801273346,,,0.84985185,0.99682575,
789,0.37811635028232227,0.37811635028232227,0.8018516898155212,1.6162790656089783,,,0.8508777,0.98976433,
790,0.37833610447970306,0.37833610447970306,0.8002898991107941,1.6178230047225952,,,0.84753364,0.98831934,
791,0.37500344623218884,0.37500344623218884,0.798553854227066,1.6148698329925537,,,0.84643054,0.9921062,
792,0.37568467313593085,0.37568467313593085,0.7994712889194489,1.6184255480766296,,,0.8464856,0.98907495,
793,0.3778438026254827,0.3778438026254827,0.7990756928920746,1.6154268980026245,,,0.8473488,0.99476326,
794,0.3748844726519151,0.3748844726519151,0.8011107444763184,1.6205967664718628,,,0.84949297,0.9870542,
795,0.37759275057099084,0.37759275057099084,0.8113310039043427,1.6643023490905762,,,0.8660287,1.0129385,
796,0.3813333646817641,0.3813333646817641,0.8006567358970642,1.6169252395629883,,,0.85004264,0.9996683,
797,0.37613112005320465,0.37613112005320465,0.7997879981994629,1.6233700513839722,,,0.8489483,0.98455256,
798,0.3775665922598405,0.3775665922598405,0.7991985976696014,1.621710181236267,,,0.84851813,0.9844182,
799,0.3785687034780329,0.3785687034780329,0.8026233315467834,1.6255185008049011,,,0.8538427,0.9861938,
800,0.38011772795157,0.38011772795157,0.7994779348373413,1.6205676198005676,0.3584046017552357,0.6406940066997077,0.84953654,0.9760764,100.0
801,0.37830720977349713,0.37830720977349713,0.7993341386318207,1.6188247203826904,,,0.84965414,0.968804,
802,0.3755859922279011,0.3755859922279011,0.7994725108146667,1.61629718542099,,,0.8496681,0.9989786,
803,0.3795358457348563,0.3795358457348563,0.7963603138923645,1.6135951280593872,,,0.8451846,0.9943104,
804,0.37703031030568207,0.37703031030568207,0.7992289066314697,1.6219840049743652,,,0.8497588,0.991521,
805,0.3803881488063119,0.3803881488063119,0.7957360744476318,1.6178508400917053,,,0.84457487,0.9823204,
806,0.3756245401772586,0.3756245401772586,0.7960927188396454,1.6165661811828613,,,0.8451364,0.98065585,
807,0.37479793483560736,0.37479793483560736,0.7960620820522308,1.6150619387626648,,,0.84529716,0.9805207,
808,0.37686796350912616,0.37686796350912616,0.8022378385066986,1.6246127486228943,,,0.85189104,0.97822237,
809,0.3784328590739857,0.3784328590739857,0.7972277998924255,1.6159904599189758,,,0.8469892,0.98251593,
810,0.37481095032258466,0.37481095032258466,0.7974680066108704,1.6181635856628418,,,0.8453732,0.9765916,
811,0.3773053396831859,0.3773053396831859,0.7959982454776764,1.6155030131340027,,,0.8451733,0.9771805,
812,0.37568510391495447,0.37568510391495447,0.7950857281684875,1.6123446822166443,,,0.8446156,0.97682023,
813,0.3753849105401473,0.3753849105401473,0.7952204644680023,1.6141583919525146,,,0.84243274,0.9753117,
814,0.3793817325071855,0.3793817325071855,0.8054367899894714,1.6500824689865112,,,0.85996014,0.9983411,
815,0.378992961211638,0.378992961211638,0.7955515384674072,1.6140586137771606,,,0.843817,0.9777224,
816,0.375722045248205,0.375722045248205,0.7962830066680908,1.613192617893219,,,0.846147,0.98480856,
817,0.3757835924625397,0.3757835924625397,0.7954615950584412,1.6144108772277832,,,0.84301466,0.9772305,
818,0.37344829738140106,0.37344829738140106,0.7934930324554443,1.612157166004181,,,0.8409515,0.981874,
819,0.373578052629124,0.373578052629124,0.7940232157707214,1.6127083897590637,,,0.84117025,0.9800173,
820,0.3746729845350439,0.3746729845350439,0.791400671005249,1.6036471128463745,,,0.83919245,0.98012906,
821,0.3711696104569869,0.3711696104569869,0.7939477562904358,1.6085060834884644,,,0.84123963,0.9706018,
822,0.3731604949994521,0.3731604949994521,0.7889365255832672,1.6010322570800781,,,0.8361152,0.9771587,
823,0.37431230870160187,0.37431230870160187,0.7927957475185394,1.611049234867096,,,0.8384047,0.9789246,
824,0.37238889119841834,0.37238889119841834,0.7921985983848572,1.6092740297317505,,,0.83856493,0.97983694,
825,0.3747060163454576,0.3747060163454576,0.7895675897598267,1.6005722880363464,,,0.8366437,0.9741808,
826,0.3735767738385634,0.3735767738385634,0.7929139733314514,1.6063514947891235,,,0.839746,0.97135067,
827,0.37358687953515485,0.37358687953515485,0.793418824672699,1.6095482110977173,,,0.83823764,0.96398145,
828,0.3726728450168263,0.3726728450168263,0.8017032146453857,1.635952115058899,,,0.8528566,0.99657714,
829,0.3807710111141205,0.3807710111141205,0.7947846353054047,1.6092531085014343,,,0.8410183,0.9780714,
830,0.37356541644443164,0.37356541644443164,0.7923876345157623,1.6070917844772339,,,0.8380889,0.9825223,
831,0.37277079170400446,0.37277079170400446,0.7908610105514526,1.6028356552124023,,,0.83586586,0.9892396,
832,0.36918000199578027,0.36918000199578027,0.7873113453388214,1.5996404886245728,,,0.83152246,0.9736343,
833,0.3688595782626759,0.3688595782626759,0.7920034527778625,1.6055034399032593,,,0.83340454,0.98124844,
834,0.3679753162644126,0.3679753162644126,0.7897110879421234,1.6061722040176392,,,0.83593404,0.9819067,
835,0.3730825131589716,0.3730825131589716,0.7918184399604797,1.6081764698028564,,,0.8373197,0.9788685,
836,0.372564741156318,0.372564741156318,0.7997802495956421,1.618143618106842,,,0.8421409,0.9792495,
837,0.3721995570442893,0.3721995570442893,0.7932337522506714,1.6125082969665527,,,0.8369847,0.973129,
838,0.3712174811146476,0.3712174811146476,0.7900145649909973,1.6077280640602112,,,0.83515203,0.97881526,
839,0.3734867437319322,0.3734867437319322,0.7895636558532715,1.606796681880951,,,0.83472055,0.97556716,
840,0.37175867232409393,0.37175867232409393,0.8001176416873932,1.6193764805793762,,,0.8415153,0.97627956,
841,0.3736591339111328,0.3736591339111328,0.8016825616359711,1.6239190697669983,,,0.8407853,0.9733035,
842,0.3748530826785348,0.3748530826785348,0.8015061318874359,1.6240560412406921,,,0.8409095,0.9773699,
843,0.3725172552195462,0.3725172552195462,0.809321790933609,1.6417306661605835,,,0.8557131,1.0014712,
844,0.3817050809209997,0.3817050809209997,0.8113449513912201,1.6464698314666748,,,0.85569805,1.0141723,
845,0.37956547195261175,0.37956547195261175,0.7927568554878235,1.6082088947296143,,,0.8376577,0.9739621,
846,0.3719034926457839,0.3719034926457839,0.7974680066108704,1.616323709487915,,,0.83811104,0.9759,
847,0.3751928914677013,0.3751928914677013,0.7969551086425781,1.6143547296524048,,,0.83757734,0.9701506,
848,0.37283791466192767,0.37283791466192767,0.8001229465007782,1.620309829711914,,,0.8397882,0.9636758,
849,0.37306073578921234,0.37306073578921234,0.7998074889183044,1.6209143996238708,,,0.8394752,0.97227126,
850,0.3722039596600966,0.3722039596600966,0.7964396476745605,1.6155064105987549,0.29932479672233825,0.3609800834464019,0.8374259,0.97568274,
851,0.37134560671719635,0.37134560671719635,0.7959562838077545,1.6159406304359436,,,0.83695763,0.972517,
852,0.3726218180222945,0.3726218180222945,0.7949244976043701,1.615840494632721,,,0.83533925,0.97448003,
853,0.37287983298301697,0.37287983298301697,0.7957518398761749,1.6172869205474854,,,0.836977,0.9734975,
854,0.3734198348088698,0.3734198348088698,0.7954054176807404,1.614121913909912,,,0.8365169,0.970842,
855,0.37252607670697296,0.37252607670697296,0.7971385717391968,1.6198426485061646,,,0.8359412,0.96814305,
856,0.37533648989417334,0.37533648989417334,0.794112503528595,1.6142568588256836,,,0.83425665,0.9687953,
857,0.3713514344258742,0.3713514344258742,0.7965696752071381,1.6199263334274292,,,0.8356487,0.96906364,
858,0.37122609398581763,0.37122609398581763,0.7938671410083771,1.6145432591438293,,,0.83427966,0.97468305,
859,0.3717630288817666,0.3717630288817666,0.7963010370731354,1.6193819046020508,,,0.8355259,0.9750413,
860,0.3709086504849521,0.3709086504849521,0.7933785021305084,1.6148223280906677,,,0.8340244,0.96852916,
861,0.37027055566961115,0.37027055566961115,0.7955484390258789,1.620021402835846,,,0.8345503,0.96897465,
862,0.37129298665306787,0.37129298665306787,0.7924609780311584,1.614566147327423,,,0.83248055,0.97374517,
863,0.36979194662787696,0.36979194662787696,0.7919551730155945,1.6139398217201233,,,0.83259773,0.97248906,
864,0.37117367441003973,0.37117367441003973,0.7896900475025177,1.608146071434021,,,0.8288265,0.96533334,
865,0.3678962398659099,0.3678962398659099,0.7899683713912964,1.6088811755180359,,,0.8296131,0.9621397,
866,0.36886601556431164,0.36886601556431164,0.7986966073513031,1.6310211420059204,,,0.8426909,0.995007,
867,0.3719171041792089,0.3719171041792089,0.7932137250900269,1.6149814128875732,,,0.83123475,0.966074,
868,0.36867047168991784,0.36867047168991784,0.7983381748199463,1.6257482767105103,,,0.84222627,0.9856965,
869,0.37041657079349866,0.37041657079349866,0.788991779088974,1.6063639521598816,,,0.8281419,0.9620549,
870,0.3675230524756692,0.3675230524756692,0.7900928258895874,1.6093465089797974,,,0.83019114,0.9675168,
871,0.3687005937099457,0.3687005937099457,0.7918409109115601,1.6146206855773926,,,0.83287966,0.9656487,
872,0.3684832751750946,0.3684832751750946,0.7927577793598175,1.614190399646759,,,0.8342757,0.9651675,
873,0.3725897886536338,0.3725897886536338,0.7932560443878174,1.6160078048706055,,,0.8353129,0.96337986,
874,0.3756725706837394,0.3756725706837394,0.7970715463161469,1.6205121278762817,,,0.8410056,0.977295,
875,0.37200034206563776,0.37200034206563776,0.7965056896209717,1.619248628616333,,,0.84001184,0.97427535,
876,0.3713862760500474,0.3713862760500474,0.7957957684993744,1.6172440648078918,,,0.83931804,0.9707965,
877,0.3730707222765142,0.3730707222765142,0.801384836435318,1.6385738849639893,,,0.84786403,0.99401927,
878,0.37466130473396997,0.37466130473396997,0.7917030453681946,1.6142881512641907,,,0.833181,0.96237034,
879,0.3713658343661915,0.3713658343661915,0.7909940481185913,1.6140873432159424,,,0.8324284,0.96444815,
880,0.3727152103727514,0.3727152103727514,0.7952931821346283,1.6175755262374878,,,0.83908767,0.9787514,
881,0.37212479927323083,0.37212479927323083,0.7948179543018341,1.6170256733894348,,,0.8381947,0.97250444,
882,0.3710152208805084,0.3710152208805084,0.7903226613998413,1.6124911308288574,,,0.8315251,0.96249264,
883,0.37312835454940796,0.37312835454940796,0.7944598197937012,1.6154326796531677,,,0.83771557,0.97035515,
884,0.37212713198228314,0.37212713198228314,0.7940740287303925,1.6155888438224792,,,0.83710665,0.9718102,
885,0.3723858459429307,0.3723858459429307,0.7904946804046631,1.6126732230186462,,,0.83162504,0.96439433,
886,0.3714281428943981,0.3714281428943981,0.8033684492111206,1.6378809213638306,,,0.8510067,1.0021856,
887,0.3788743642243472,0.3788743642243472,0.7960594594478607,1.6148171424865723,,,0.8402175,0.9765742,
888,0.37617978724566375,0.37617978724566375,0.8062649071216583,1.63418847322464,,,0.85553926,0.980323,
889,0.38179247216744855,0.38179247216744855,0.8046930134296417,1.6346139311790466,,,0.85359085,0.9789613,
890,0.37689516490156,0.37689516490156,0.8016509711742401,1.6266763806343079,,,0.8489765,0.9491938,
891,0.37715082276951184,0.37715082276951184,0.7994155287742615,1.6249558329582214,,,0.8454495,0.95768857,
892,0.37747265804897656,0.37747265804897656,0.8012981712818146,1.6248186230659485,,,0.84841776,0.95995855,
893,0.3798905854875391,0.3798905854875391,0.7979301512241364,1.6209481358528137,,,0.8431716,0.93466026,
894,0.3792361562902277,0.3792361562902277,0.7907754182815552,1.610448956489563,,,0.83249176,0.94153553,
895,0.37812895666469226,0.37812895666469226,0.8071441650390625,1.6322654485702515,,,0.8571762,0.95602393,
896,0.37887168201533233,0.37887168201533233,0.8006340265274048,1.6264211535453796,,,0.8473245,0.95714825,
897,0.37842381542379205,0.37842381542379205,0.8012608587741852,1.6256988048553467,,,0.8484535,0.9397656,
898,0.3786010498350317,0.3786010498350317,0.8032922446727753,1.6277669072151184,,,0.8511642,0.9609659,
899,0.3792373836040497,0.3792373836040497,0.7992026209831238,1.6236169338226318,,,0.8450601,0.94152033,
900,0.3789072416045449,0.3789072416045449,0.7976840436458588,1.621291995048523,0.37385580924456874,0.5232540981265018,0.8430573,0.94431096,100.0
901,0.3764505277980458,0.3764505277980458,0.8028107583522797,1.6270503997802734,,,0.8498013,0.96001077,
902,0.38035268404267053,0.38035268404267053,0.8037415444850922,1.6279453039169312,,,0.8523758,0.9506804,
903,0.3793539757078344,0.3793539757078344,0.7969988882541656,1.6216395497322083,,,0.84200597,0.9445337,
904,0.37315054644237866,0.37315054644237866,0.8002673387527466,1.6257845163345337,,,0.84322214,0.940766,
905,0.3781698671254245,0.3781698671254245,0.8214418590068817,1.6624227166175842,,,0.8621862,0.9694906,
906,0.384070101109418,0.384070101109418,0.8059433400630951,1.628886103630066,,,0.85218656,0.95187956,
907,0.3826803212816065,0.3826803212816065,0.8082527220249176,1.6332702040672302,,,0.8555457,0.9581491,
908,0.38084520535035565,0.38084520535035565,0.8027181327342987,1.629591464996338,,,0.8471616,0.9401075,
909,0.3767489194869995,0.3767489194869995,0.8012788891792297,1.6284977197647095,,,0.84576464,0.93828046,
910,0.37641475146467035,0.37641475146467035,0.8006104528903961,1.6281851530075073,,,0.8447694,0.93942606,
911,0.37718904560262506,0.37718904560262506,0.8002652525901794,1.6279943585395813,,,0.84436965,0.93728673,
912,0.3757363503629511,0.3757363503629511,0.7994702160358429,1.6277068257331848,,,0.84314793,0.9389332,
913,0.3754176849668676,0.3754176849668676,0.7990886867046356,1.6282814741134644,,,0.84282196,0.93424815,
914,0.375877093185078,0.375877093185078,0.8009428381919861,1.6308733820915222,,,0.84580606,0.9448742,
915,0.3753394159403714,0.3753394159403714,0.7992566525936127,1.6266157031059265,,,0.84340394,0.92726344,
916,0.37827354127710516,0.37827354127710516,0.8020843863487244,1.6353428363800049,,,0.84733933,0.92399305,
917,0.37497029250318353,0.37497029250318353,0.8114575147628784,1.6458348631858826,,,0.8491433,0.92277753,
918,0.3778882758183913,0.3778882758183913,0.8055035769939423,1.6372160911560059,,,0.8527832,0.93029743,
919,0.3761207569729198,0.3761207569729198,0.8064530789852142,1.6385914087295532,,,0.8542302,0.93320477,
920,0.38127038695595483,0.38127038695595483,0.8061043918132782,1.6395608186721802,,,0.85360676,0.9314129,
921,0.382749004797502,0.382749004797502,0.8218425512313843,1.6611994504928589,,,0.86480325,0.9431261,
922,0.3835526000369679,0.3835526000369679,0.8034544587135315,1.6343450546264648,,,0.8498567,0.9266697,
923,0.38046943599527533,0.38046943599527533,0.8063860535621643,1.6382306814193726,,,0.85454607,0.93161446,
924,0.379928475076502,0.379928475076502,0.8069667220115662,1.6377280354499817,,,0.85497403,0.9335522,
925,0.37802276557142084,0.37802276557142084,0.8068336844444275,1.6392741203308105,,,0.8551285,0.932721,
926,0.38337952440435236,0.38337952440435236,0.8061263263225555,1.6365261673927307,,,0.85399854,0.9301201,
927,0.37993236021562055,0.37993236021562055,0.806342750787735,1.637252390384674,,,0.85427976,0.9345432,
928,0.3806523193012584,0.3806523193012584,0.80490443110466,1.6359939575195312,,,0.8522306,0.930652,
929,0.3806254213506525,0.3806254213506525,0.8056062459945679,1.635298252105713,,,0.8534945,0.92448074,
930,0.3814168626611883,0.3814168626611883,0.8051424920558929,1.6352344155311584,,,0.852913,0.9388065,
931,0.3793472783132033,0.3793472783132033,0.8189741373062134,1.6552872061729431,,,0.8594196,0.94233155,
932,0.3784849372777072,0.3784849372777072,0.8058058619499207,1.6342982053756714,,,0.8524508,0.93716776,
933,0.378815081986514,0.378815081986514,0.8075752258300781,1.6330799460411072,,,0.85645634,0.93973315,
934,0.3804705928672444,0.3804705928672444,0.8065469861030579,1.6299890279769897,,,0.85376364,0.92784846,
935,0.3858630521730943,0.3858630521730943,0.8071073591709137,1.6290261149406433,,,0.8545417,0.9415666,
936,0.3807492770931937,0.3807492770931937,0.8064817190170288,1.628507375717163,,,0.8532025,0.9382335,
937,0.3820871548219161,0.3820871548219161,0.8150169551372528,1.6386152505874634,,,0.86647123,0.95960045,
938,0.382940872149034,0.382940872149034,0.809293657541275,1.629249095916748,,,0.85645676,0.9437438,
939,0.3834167447957126,0.3834167447957126,0.8104856908321381,1.6311352252960205,,,0.85847205,0.9373814,
940,0.38202193650332367,0.38202193650332367,0.8121882379055023,1.6301295757293701,,,0.86109656,0.92965245,
941,0.3813160332766446,0.3813160332766446,0.8108454942703247,1.6290472745895386,,,0.8588315,0.93422395,
942,0.38480452515862207,0.38480452515862207,0.8133917450904846,1.6325068473815918,,,0.8627878,0.9308969,
943,0.38343330134044995,0.38343330134044995,0.8098857998847961,1.626338541507721,,,0.8573654,0.93951774,
944,0.3836671141060916,0.3836671141060916,0.8087970018386841,1.6279285550117493,,,0.85610545,0.943229,
945,0.3837914358485829,0.3837914358485829,0.8120733499526978,1.6295267343521118,,,0.86139464,0.9408835,
946,0.38349490003152326,0.38349490003152326,0.8188563883304596,1.6329252123832703,,,0.8714199,0.9418286,
947,0.38682767206972296,0.38682767206972296,0.8137904703617096,1.6283663511276245,,,0.8638779,0.9359186,
948,0.3880199573256753,0.3880199573256753,0.8286347985267639,1.6651399731636047,,,0.88610923,0.963664,
949,0.3931342932310971,0.3931342932310971,0.8250255584716797,1.6526435613632202,,,0.88078153,0.9760543,
950,0.388516981493343,0.388516981493343,0.8206147253513336,1.6390588879585266,0.3929043042084699,0.4882237519524363,0.86933094,0.9454821,
951,0.38907828385179694,0.38907828385179694,0.8156708478927612,1.6321281790733337,,,0.8668589,0.9452096,
952,0.38571133667772467,0.38571133667772467,0.8135610520839691,1.6291078925132751,,,0.8636867,0.9310893,
953,0.3835809962315993,0.3835809962315993,0.8196077048778534,1.6368901133537292,,,0.86809814,0.9389632,
954,0.38513937863436615,0.38513937863436615,0.8148953914642334,1.631071150302887,,,0.8652031,0.9362547,
955,0.38807969743555243,0.38807969743555243,0.8272906541824341,1.6550501585006714,,,0.8797298,0.9538621,
956,0.3949612053957852,0.3949612053957852,0.8285234868526459,1.6539794206619263,,,0.8815265,0.9516417,
957,0.3912430161779577,0.3912430161779577,0.8322306871414185,1.6617156267166138,,,0.8871876,0.9614218,
958,0.39188838275996124,0.39188838275996124,0.8251476287841797,1.644222617149353,,,0.8762004,0.94673294,
959,0.39092850414189423,0.39092850414189423,0.8326832056045532,1.655716896057129,,,0.8799549,0.9559095,
960,0.38941699266433716,0.38941699266433716,0.8227527141571045,1.6418012976646423,,,0.87305033,0.95176256,
961,0.38886984369971533,0.38886984369971533,0.820490688085556,1.6415317058563232,,,0.87254673,0.95247346,
962,0.38768533955920825,0.38768533955920825,0.8219174444675446,1.6433396339416504,,,0.87206507,0.9496294,
963,0.3903205990791321,0.3903205990791321,0.820739209651947,1.6427979469299316,,,0.8730214,0.9491306,
964,0.39172386581247504,0.39172386581247504,0.8201545476913452,1.640447974205017,,,0.8695317,0.94378215,
965,0.38913351026448334,0.38913351026448334,0.8238576054573059,1.6472777128219604,,,0.8753992,0.949869,
966,0.39492055773735046,0.39492055773735046,0.8238566219806671,1.6494823098182678,,,0.8753692,0.94572335,
967,0.3921057879924774,0.3921057879924774,0.8232060670852661,1.6472707986831665,,,0.8762576,0.9616195,
968,0.3901907043023543,0.3901907043023543,0.8263096809387207,1.6528937220573425,,,0.8793067,0.9509892,
969,0.39066731658848847,0.39066731658848847,0.8240986168384552,1.6443475484848022,,,0.8752365,0.95727575,
970,0.39029749956997956,0.39029749956997956,0.8262725174427032,1.6508764028549194,,,0.87950903,0.9516453,
971,0.39392610029740766,0.39392610029740766,0.8279202878475189,1.6530624628067017,,,0.8822974,0.9529246,
972,0.3980566209012812,0.3980566209012812,0.8311268091201782,1.658352792263031,,,0.887122,0.9535331,
973,0.3916360925544392,0.3916360925544392,0.8368167579174042,1.6649094223976135,,,0.88685584,0.9666901,
974,0.3937378498640927,0.3937378498640927,0.8247194886207581,1.6477938890457153,,,0.87776214,0.96301013,
975,0.38912194154479285,0.38912194154479285,0.8248940408229828,1.6491166353225708,,,0.87812805,0.9584414,
976,0.38957992467013275,0.38957992467013275,0.833263486623764,1.6635581851005554,,,0.88198483,0.9722841,
977,0.3926018232649023,0.3926018232649023,0.8216303586959839,1.6435012817382812,,,0.87527555,0.9701533,
978,0.3924048136581074,0.3924048136581074,0.8317173719406128,1.659754991531372,,,0.8880356,0.9589959,
979,0.391504320231351,0.391504320231351,0.8237614333629608,1.6458942294120789,,,0.8766018,0.96153176,
980,0.3903659771789204,0.3903659771789204,0.8303827047348022,1.6580530405044556,,,0.87750244,0.9750948,
981,0.3942103765227578,0.3942103765227578,0.8217821717262268,1.6355748176574707,,,0.87486833,0.9580428,
982,0.3871598650108684,0.3871598650108684,0.8189810514450073,1.6301150918006897,,,0.8699451,0.9614083,
983,0.3869955295866186,0.3869955295866186,0.8168553113937378,1.6179702281951904,,,0.867064,0.9576978,
984,0.3890281238339164,0.3890281238339164,0.8140571713447571,1.6105758547782898,,,0.8637328,0.96022075,
985,0.38964713432572107,0.38964713432572107,0.8310562968254089,1.637484610080719,,,0.8796179,0.95710146,
986,0.3887737041169947,0.3887737041169947,0.816452145576477,1.622639775276184,,,0.86872786,0.9468059,
987,0.38824544982476666,0.38824544982476666,0.8246141076087952,1.6286442875862122,,,0.8702023,0.94832414,
988,0.3907121636650779,0.3907121636650779,0.8242909908294678,1.6358445882797241,,,0.87803227,0.9469971,
989,0.3921275734901428,0.3921275734901428,0.8225007653236389,1.6365368962287903,,,0.8755672,0.9485795,
990,0.39191564375703986,0.39191564375703986,0.817650318145752,1.6225033402442932,,,0.86838967,0.93769705,
991,0.3859104243191806,0.3859104243191806,0.814816951751709,1.611800193786621,,,0.8646833,0.949328,
992,0.38543258742852643,0.38543258742852643,0.8148568570613861,1.6135425567626953,,,0.8660122,0.9476588,
993,0.3886187699708072,0.3886187699708072,0.8236032724380493,1.6322121620178223,,,0.8691259,0.9496628,
994,0.3853802708062259,0.3853802708062259,0.8196278810501099,1.6302930116653442,,,0.8702518,0.94078106,
995,0.3851282298564911,0.3851282298564911,0.8186061978340149,1.622395932674408,,,0.8699379,0.9510231,
996,0.3865947696295651,0.3865947696295651,0.8297832906246185,1.6376748085021973,,,0.8772942,0.9686622,
997,0.38460532101717865,0.38460532101717865,0.8121142089366913,1.609541416168213,,,0.86160827,0.93676054,
998,0.3855902281674472,0.3855902281674472,0.8172832131385803,1.619649052619934,,,0.8690159,0.93596774,
999,0.38493638417937537,0.38493638417937537,0.8136791884899139,1.6107444167137146,,,0.86268944,0.9322791,
1000,0.38245097344571893,0.38245097344571893,0.8162766396999359,1.6121186017990112,0.47195000185220953,0.733325666284822,0.86755157,0.93803465,100.0
1001,0.38760003447532654,0.38760003447532654,0.8149920403957367,1.6104179620742798,,,0.86477935,0.94108063,
1002,0.38191712444478815,0.38191712444478815,0.8123566210269928,1.606673240661621,,,0.8599734,0.936379,
1003,0.38300782442092896,0.38300782442092896,0.8102108240127563,1.609616994857788,,,0.85875857,0.9242402,
1004,0.3832662376490506,0.3832662376490506,0.8181875944137573,1.6172170639038086,,,0.8695856,0.9528522,
1005,0.38601612502878363,0.38601612502878363,0.8239266574382782,1.6278955340385437,,,0.86931694,0.95033115,
1006,0.38407781991091644,0.38407781991091644,0.810583084821701,1.6050429940223694,,,0.860265,0.93176955,
1007,0.38481750000606885,0.38481750000606885,0.8151683509349823,1.6126941442489624,,,0.8647954,0.93512344,
1008,0.38635172898119147,0.38635172898119147,0.8124370276927948,1.6046364903450012,,,0.860661,0.93566555,
1009,0.38310673291032965,0.38310673291032965,0.8117114305496216,1.6068440079689026,,,0.85990864,0.9268826,
1010,0.3815795562484048,0.3815795562484048,0.827381044626236,1.6329119801521301,,,0.873978,0.96313554,
1011,0.38445893742821435,0.38445893742821435,0.8092840313911438,1.6025988459587097,,,0.85752326,0.9374936,
1012,0.3838178407062184,0.3838178407062184,0.816375344991684,1.6152379512786865,,,0.8656145,0.9343403,
1013,0.3879207589409568,0.3879207589409568,0.8148566782474518,1.6140985488891602,,,0.86444134,0.9342139,
1014,0.3837947195226496,0.3837947195226496,0.8105663359165192,1.6045954823493958,,,0.8580892,0.9268541,
1015,0.38521895896304736,0.38521895896304736,0.8168624043464661,1.6148213744163513,,,0.868028,0.95454365,
1016,0.3866149701855399,0.3866149701855399,0.8096325397491455,1.6016127467155457,,,0.8580288,0.93623185,
1017,0.383805976672606,0.383805976672606,0.8153663575649261,1.610555350780487,,,0.86335635,0.9311547,
1018,0.3813666376200589,0.3813666376200589,0.8138735592365265,1.609659731388092,,,0.8631954,0.9337464,
1019,0.38361924615773285,0.38361924615773285,0.8108375370502472,1.6094072461128235,,,0.85869706,0.9298835,
1020,0.386083873835477,0.386083873835477,0.8097053468227386,1.6041456460952759,,,0.8569167,0.9256267,
1021,0.38384945555166766,0.38384945555166766,0.8134413957595825,1.610401213169098,,,0.8627959,0.931585,
1022,0.3849447179924358,0.3849447179924358,0.8145397901535034,1.612356424331665,,,0.86387855,0.93315315,
1023,0.3829846057024869,0.3829846057024869,0.8111330270767212,1.6057714819908142,,,0.8580117,0.9251678,
1024,0.383684131232175,0.383684131232175,0.8151166439056396,1.6094207167625427,,,0.8643243,0.9346618,
1025,0.3833309466188604,0.3833309466188604,0.810446560382843,1.605078935623169,,,0.8571386,0.92608917,
1026,0.38294714147394354,0.38294714147394354,0.8195612132549286,1.6183826923370361,,,0.86141753,0.9309958,
1027,0.3840426044030623,0.3840426044030623,0.8150594532489777,1.6140416860580444,,,0.86432004,0.94814193,
1028,0.3868208175355738,0.3868208175355738,0.8246509432792664,1.626055657863617,,,0.8695174,0.9582503,
1029,0.3898215212605216,0.3898215212605216,0.8176442682743073,1.6142069101333618,,,0.8675175,0.94754034,
1030,0.3856314772909338,0.3856314772909338,0.8132026195526123,1.6078618168830872,,,0.8616364,0.93181014,
1031,0.38274495980956336,0.38274495980956336,0.8161758482456207,1.6149553060531616,,,0.8652205,0.9432628,
1032,0.3865679692138325,0.3865679692138325,0.826055496931076,1.6292930841445923,,,0.8703426,0.9552905,
1033,0.3810125616463748,0.3810125616463748,0.8129104971885681,1.6088510751724243,,,0.8611034,0.93673927,
1034,0.3820508285002275,0.3820508285002275,0.8137125670909882,1.6083295345306396,,,0.86123765,0.93288857,
1035,0.38648538155989215,0.38648538155989215,0.8105542361736298,1.6029537916183472,,,0.8569527,0.9308844,
1036,0.3855030048977245,0.3855030048977245,0.8158415853977203,1.6124428510665894,,,0.8646422,0.950114,
1037,0.3829354291612452,0.3829354291612452,0.8094258308410645,1.603550910949707,,,0.85615337,0.92458725,
1038,0.3839424035765908,0.3839424035765908,0.8167003691196442,1.6141202449798584,,,0.86512345,0.9468915,
1039,0.38169714537533844,0.38169714537533844,0.8131919205188751,1.6074124574661255,,,0.86062133,0.9351642,
1040,0.38357649608091876,0.38357649608091876,0.8117434084415436,1.6077743768692017,,,0.8592224,0.9258473,
1041,0.38233411041173065,0.38233411041173065,0.8225051760673523,1.62268728017807,,,0.86527455,0.9428198,
1042,0.386331170797348,0.386331170797348,0.8159299194812775,1.615548312664032,,,0.86546224,0.94325,
1043,0.38650719956918195,0.38650719956918195,0.8161522448062897,1.6152424812316895,,,0.86579347,0.94199204,
1044,0.3837274638089267,0.3837274638089267,0.8090475499629974,1.604754626750946,,,0.85448754,0.93284214,
1045,0.3837563693523407,0.3837563693523407,0.8138318657875061,1.6073619723320007,,,0.8627728,0.93830067,
1046,0.38427650928497314,0.38427650928497314,0.8122680485248566,1.6098413467407227,,,0.86085594,0.9269308,
1047,0.38617213747718115,0.38617213747718115,0.8143519163131714,1.6076498627662659,,,0.8625769,0.9404647,
1048,0.38408544659614563,0.38408544659614563,0.815398633480072,1.6138139367103577,,,0.8639262,0.9385975,
1049,0.3842189853841608,0.3842189853841608,0.8278940618038177,1.6333666443824768,,,0.87306756,0.9537817,
1050,0.38370584086938336,0.38370584086938336,0.8132847845554352,1.6059271097183228,0.4145696186151547,0.5972447130024615,0.86143905,0.93618065,
1051,0.3859841092066331,0.3859841092066331,0.8153694570064545,1.6084412932395935,,,0.8633454,0.93233335,
1052,0.3846857032992623,0.3846857032992623,0.8137123882770538,1.6082435250282288,,,0.86156744,0.9284805,
1053,0.3832120516083457,0.3832120516083457,0.8165310621261597,1.6154401898384094,,,0.86583763,0.94084823,
1054,0.3843115974556316,0.3843115974556316,0.8161404132843018,1.6159499883651733,,,0.86567146,0.9419634,
1055,0.38357826796444977,0.38357826796444977,0.8123182058334351,1.606881022453308,,,0.86065155,0.93064004,
1056,0.3811222396113656,0.3811222396113656,0.8098886013031006,1.6038550734519958,,,0.8558488,0.937161,
1057,0.3843984224579551,0.3843984224579551,0.8211549818515778,1.6204499006271362,,,0.8635312,0.9376986,
1058,0.3865442763675343,0.3865442763675343,0.8141279220581055,1.6114102005958557,,,0.8630685,0.93755853,
1059,0.38425303860144183,0.38425303860144183,0.8122263252735138,1.6105334162712097,,,0.8603962,0.9439387,
1060,0.38224453546784143,0.38224453546784143,0.8190776109695435,1.6314225792884827,,,0.86829144,0.94595784,
1061,0.38626353578134015,0.38626353578134015,0.8118312656879425,1.6119230389595032,,,0.8588341,0.9438692,
1062,0.3861945325678045,0.3861945325678045,0.8160820305347443,1.6138012409210205,,,0.86308205,0.9426132,
1063,0.3819166421890259,0.3819166421890259,0.8120863437652588,1.6110895276069641,,,0.8594693,0.9378008,
1064,0.38189775022593414,0.38189775022593414,0.8124531507492065,1.6104759573936462,,,0.8579497,0.9381615,
1065,0.3867169970815832,0.3867169970815832,0.8107737600803375,1.610952079296112,,,0.8572078,0.9365569,
1066,0.38005792823704804,0.38005792823704804,0.8169166445732117,1.6238675117492676,,,0.86455566,0.93229336,
1067,0.3848866711963307,0.3848866711963307,0.8184341490268707,1.6319202780723572,,,0.8673188,0.94737375,
1068,0.38586184111508454,0.38586184111508454,0.8181082606315613,1.6283211708068848,,,0.8667903,0.9342283,
1069,0.38279190930453216,0.38279190930453216,0.8145670890808105,1.6130934357643127,,,0.8604192,0.9460142,
1070,0.38365619020028546,0.38365619020028546,0.814389169216156,1.6143853068351746,,,0.8603074,0.9398213,
1071,0.3831878277388486,0.3831878277388486,0.8146776258945465,1.6088433861732483,,,0.86051404,0.9334856,
1072,0.3802082159302451,0.3802082159302451,0.8143269419670105,1.6116313934326172,,,0.8611968,0.9412502,
1073,0.386273747140711,0.386273747140711,0.8130015432834625,1.6064539551734924,,,0.85802203,0.9335313,
1074,0.3812981979413466,0.3812981979413466,0.8129938840866089,1.6120111346244812,,,0.8582537,0.93761516,
1075,0.382986534725536,0.382986534725536,0.8154910504817963,1.6238601207733154,,,0.8627621,0.92892766,
1076,0.3872489414431832,0.3872489414431832,0.8136550486087799,1.6068626642227173,,,0.8593388,0.9365666,
1077,0.38416267795996234,0.38416267795996234,0.8127819895744324,1.612647831439972,,,0.8592522,0.9395075,
1078,0.3804021640257402,0.3804021640257402,0.8148694336414337,1.6241649985313416,,,0.86187464,0.9313357,
1079,0.38237574154680426,0.38237574154680426,0.8131961822509766,1.6102744936943054,,,0.8593142,0.939265,
1080,0.38386867263100366,0.38386867263100366,0.8112637996673584,1.61188805103302,,,0.8564664,0.93334305,
1081,0.3853972391648726,0.3853972391648726,0.8197854459285736,1.630547046661377,,,0.86905336,0.9401125,
1082,0.3824392475865104,0.3824392475865104,0.8129128217697144,1.6074241995811462,,,0.8589869,0.9360682,
1083,0.38077661936933344,0.38077661936933344,0.8120655417442322,1.6051895022392273,,,0.8564384,0.94279647,
1084,0.38038093122569,0.38038093122569,0.8112230896949768,1.6056339144706726,,,0.8563065,0.9254979,
1085,0.3790282661264593,0.3790282661264593,0.814301609992981,1.6136054396629333,,,0.8609596,0.9347011,
1086,0.381838394836946,0.381838394836946,0.8205060362815857,1.6216127276420593,,,0.8604915,0.935748,
1087,0.3812873661518097,0.3812873661518097,0.816925972700119,1.6308797597885132,,,0.86470187,0.9424911,
1088,0.38423671505667945,0.38423671505667945,0.8145506680011749,1.623599886894226,,,0.8602524,0.92889184,
1089,0.38418988206169824,0.38418988206169824,0.8157990872859955,1.6255663633346558,,,0.8631058,0.9288079,
1090,0.3853339634158395,0.3853339634158395,0.8146601617336273,1.6237013339996338,,,0.86128545,0.92470145,
1091,0.3862426091324199,0.3862426091324199,0.8182166218757629,1.6326997876167297,,,0.866878,0.94824505,
1092,0.3827950818972154,0.3827950818972154,0.8114387392997742,1.6062182188034058,,,0.85567546,0.9361605,
1093,0.3827474902976643,0.3827474902976643,0.8096689879894257,1.6054919362068176,,,0.8538494,0.9228283,
1094,0.3811691403388977,0.3811691403388977,0.8170270025730133,1.6312329769134521,,,0.8651572,0.9402807,
1095,0.3829641884023493,0.3829641884023493,0.809298574924469,1.6055402755737305,,,0.853775,0.92166716,
1096,0.382191462950273,0.382191462950273,0.813272088766098,1.624386966228485,,,0.8596881,0.9230321,
1097,0.3825263597748496,0.3825263597748496,0.8178920447826385,1.627434253692627,,,0.8651981,0.93638813,
1098,0.382276713848114,0.382276713848114,0.8108762800693512,1.6072510480880737,,,0.8552172,0.92717624,
1099,0.3783043324947357,0.3783043324947357,0.8098285496234894,1.6034116744995117,,,0.85370564,0.92863256,
1100,0.37849670919505035,0.37849670919505035,0.8119029998779297,1.6104790568351746,0.48866227065502604,1.0096517467544193,0.8571635,0.93766177,100.0
1101,0.38287056305191736,0.38287056305191736,0.8136970400810242,1.6238540410995483,,,0.8602325,0.9269823,
1102,0.38337415998632257,0.38337415998632257,0.8134839534759521,1.624530851840973,,,0.86049706,0.9293498,
1103,0.3805017877708782,0.3805017877708782,0.8209175765514374,1.6227301955223083,,,0.8611157,0.9293563,
1104,0.3839819079095667,0.3839819079095667,0.8169849812984467,1.6330223679542542,,,0.8649925,0.9459631,
1105,0.38646733218973334,0.38646733218973334,0.8147929310798645,1.6292480826377869,,,0.86184746,0.93532497,
1106,0.38348149440505286,0.38348149440505286,0.8141002953052521,1.623527467250824,,,0.8608434,0.92718166,
1107,0.3844448111274026,0.3844448111274026,0.8160474002361298,1.6311670541763306,,,0.86371034,0.94522023,
1108,0.38660252365199005,0.38660252365199005,0.8139903247356415,1.6253653168678284,,,0.8605971,0.92509544,
1109,0.38179385933009063,0.38179385933009063,0.8138526082038879,1.626043438911438,,,0.86068183,0.92507046,
1110,0.3868129009550268,0.3868129009550268,0.814421534538269,1.6291602849960327,,,0.8614387,0.9362522,
1111,0.38554023883559485,0.38554023883559485,0.8159016668796539,1.6312601566314697,,,0.8619442,0.9392798,
1112,0.3846385831182653,0.3846385831182653,0.8102075457572937,1.6210463047027588,,,0.8551584,0.9240365,
1113,0.3820278969678012,0.3820278969678012,0.8160537779331207,1.6330471634864807,,,0.86416256,0.9325585,
1114,0.3841054791753942,0.3841054791753942,0.8173893094062805,1.6271549463272095,,,0.86440843,0.94146895,
1115,0.3813824382695285,0.3813824382695285,0.8130133152008057,1.6252317428588867,,,0.85941213,0.93541706,
1116,0.38524575666947797,0.38524575666947797,0.8148733675479889,1.6306191682815552,,,0.8622428,0.9321087,
1117,0.38547941229560156,0.38547941229560156,0.8231738805770874,1.6423426866531372,,,0.86483526,0.9375948,
1118,0.38624441623687744,0.38624441623687744,0.8144875168800354,1.625288724899292,,,0.8606279,0.9388388,
1119,0.38164718313650653,0.38164718313650653,0.8130570650100708,1.6298662424087524,,,0.85947067,0.9312699,
1120,0.38100421699610626,0.38100421699610626,0.8149628043174744,1.6257610321044922,,,0.862476,0.9371567,
1121,0.3822263912721114,0.3822263912721114,0.812796950340271,1.6233245134353638,,,0.8582604,0.93952554,
1122,0.38311085917732934,0.38311085917732934,0.8152850270271301,1.6316668391227722,,,0.8621587,0.9335271,
1123,0.38287139209834015,0.38287139209834015,0.8142662942409515,1.6270185112953186,,,0.8612737,0.9306157,
1124,0.3841774815862829,0.3841774815862829,0.8148874640464783,1.6320019364356995,,,0.86247796,0.9306652,
1125,0.38206468387083575,0.38206468387083575,0.8136937320232391,1.6260313391685486,,,0.8594239,0.93790716,
1126,0.37974853949113324,0.37974853949113324,0.8117203116416931,1.6246158480644226,,,0.8576028,0.9336247,
1127,0.3847098702734167,0.3847098702734167,0.8129256069660187,1.6265401244163513,,,0.85946554,0.9318513,
1128,0.3854197290810672,0.3854197290810672,0.8269989788532257,1.6458891034126282,,,0.8708244,0.94142663,
1129,0.38453443483872846,0.38453443483872846,0.8105611801147461,1.6248679161071777,,,0.85704315,0.9384274,
1130,0.3798552453517914,0.3798552453517914,0.8103641867637634,1.6228783130645752,,,0.8557821,0.92764735,
1131,0.3849208084019748,0.3849208084019748,0.8109799325466156,1.6242159008979797,,,0.85781753,0.9344437,
1132,0.38213258710774506,0.38213258710774506,0.8151558637619019,1.636389970779419,,,0.8644526,0.92793494,
1133,0.38450226187705994,0.38450226187705994,0.8148490488529205,1.6370136141777039,,,0.8641427,0.9334294,
1134,0.3855182311751626,0.3855182311751626,0.8172105550765991,1.6376908421516418,,,0.8660001,0.93677485,
1135,0.3842086033387618,0.3842086033387618,0.8123960494995117,1.6314993500709534,,,0.8606822,0.9259806,
1136,0.3793983784588901,0.3793983784588901,0.8136001527309418,1.6263291239738464,,,0.86228853,0.93638366,
1137,0.3885592818260193,0.3885592818260193,0.8146404325962067,1.6292378902435303,,,0.86341125,0.9315619,
1138,0.3851335915652188,0.3851335915652188,0.8134006559848785,1.6338518857955933,,,0.8614006,0.9281716,
1139,0.382771990515969,0.382771990515969,0.8122225999832153,1.630344033241272,,,0.8597786,0.92744946,
1140,0.3817037614909085,0.3817037614909085,0.8186914324760437,1.6366942524909973,,,0.8680606,0.9609883,
1141,0.3861065859144384,0.3861065859144384,0.8149965405464172,1.6355358958244324,,,0.863877,0.9298159,
1142,0.38388642397793854,0.38388642397793854,0.8121282458305359,1.632840871810913,,,0.8598793,0.9267728,
1143,0.38254939155145123,0.38254939155145123,0.8159471750259399,1.636211633682251,,,0.8656672,0.93841267,
1144,0.3810493620959195,0.3810493620959195,0.8132477700710297,1.6343892812728882,,,0.86178833,0.9537644,
1145,0.38558984344655817,0.38558984344655817,0.8110100328922272,1.625569999217987,,,0.85817343,0.9276784,
1146,0.3853238956494765,0.3853238956494765,0.8222605586051941,1.6515861749649048,,,0.8730665,0.9713942,
1147,0.38509482687169855,0.38509482687169855,0.8114128410816193,1.6306533813476562,,,0.8589234,0.951429,
1148,0.3889290527863936,0.3889290527863936,0.8205930292606354,1.6449311971664429,,,0.8725984,0.9742849,
1149,0.3882097764448686,0.3882097764448686,0.822235643863678,1.6512964367866516,,,0.8733987,0.97394717,
1150,0.39210920442234387,0.39210920442234387,0.8328129053115845,1.667294681072235,0.4519477638491915,0.7309533454383887,0.8815274,0.9724767,
1151,0.386962045322765,0.386962045322765,0.8264625370502472,1.656958281993866,,,0.88104415,0.97181445,
1152,0.389080749316649,0.389080749316649,0.8182100057601929,1.6475912928581238,,,0.869165,0.9664794,
1153,0.3869288238612088,0.3869288238612088,0.8178110122680664,1.6404154300689697,,,0.8687142,0.9737594,
1154,0.38558917153965344,0.38558917153965344,0.8158372938632965,1.6410110592842102,,,0.86529297,0.9730721,
1155,0.3888407430865548,0.3888407430865548,0.8223196864128113,1.6490623950958252,,,0.8752393,0.98047,
1156,0.3849795271049846,0.3849795271049846,0.8177775740623474,1.6426907181739807,,,0.8683576,0.97613436,
1157,0.38471675460988825,0.38471675460988825,0.8193357586860657,1.6477647423744202,,,0.8692729,0.97211635,
1158,0.38699441335418006,0.38699441335418006,0.8160500526428223,1.6423614621162415,,,0.8658645,0.97539294,
1159,0.38862638581882825,0.38862638581882825,0.8189305365085602,1.6480284333229065,,,0.870237,0.97271633,
1160,0.38841513341123407,0.38841513341123407,0.8280885815620422,1.6598143577575684,,,0.87361294,0.9850586,
1161,0.3869723975658417,0.3869723975658417,0.8175539374351501,1.648256242275238,,,0.8677283,0.97191846,
1162,0.3857991343194788,0.3857991343194788,0.8161127865314484,1.6426666378974915,,,0.86559874,0.9805197,
1163,0.3853151418946006,0.3853151418946006,0.815673828125,1.6429791450500488,,,0.863607,0.9870365,
1164,0.3833435421640223,0.3833435421640223,0.814864307641983,1.640175700187683,,,0.8638508,0.979296,
1165,0.387211645191366,0.387211645191366,0.8179825842380524,1.645271122455597,,,0.86855805,0.98294777,
1166,0.38611719283190643,0.38611719283190643,0.8165656924247742,1.6473042964935303,,,0.8666183,0.97336876,
1167,0.38242384520444,0.38242384520444,0.823755532503128,1.6550883650779724,,,0.867704,0.98866695,
1168,0.38404702327468176,0.38404702327468176,0.8138548135757446,1.6379082202911377,,,0.86243635,0.98312867,
1169,0.3855150504545732,0.3855150504545732,0.8163996338844299,1.6476194262504578,,,0.86614853,0.97277725,
1170,0.3856567415324124,0.3856567415324124,0.8138359785079956,1.6341071128845215,,,0.8621123,0.9834123,
1171,0.38243586908687244,0.38243586908687244,0.8124649822711945,1.6300211548805237,,,0.86033237,0.9791991,
1172,0.38328764926303516,0.38328764926303516,0.8222154080867767,1.6492807865142822,,,0.87478364,0.991136,
1173,0.3909312378276478,0.3909312378276478,0.816828042268753,1.6426987051963806,,,0.86732715,0.97797894,
1174,0.3877352205189792,0.3877352205189792,0.8192404210567474,1.6509381532669067,,,0.8609013,0.9837778,
1175,0.38518198511817237,0.38518198511817237,0.8178167641162872,1.6416819095611572,,,0.8672175,0.98647606,
1176,0.38267282193357294,0.38267282193357294,0.817048966884613,1.6419588923454285,,,0.866664,0.9839165,
1177,0.3854970390146429,0.3854970390146429,0.8121381402015686,1.6338192820549011,,,0.8600991,0.984823,
1178,0.38495107943361456,0.38495107943361456,0.81426602602005,1.6374399065971375,,,0.86371607,0.98697877,
1179,0.3840798491781408,0.3840798491781408,0.8095773458480835,1.632288932800293,,,0.85663897,0.97763735,
1180,0.37941855463114654,0.37941855463114654,0.8120870292186737,1.638609230518341,,,0.8603127,0.97504276,
1181,0.38069200244816864,0.38069200244816864,0.8096528053283691,1.634699285030365,,,0.8564781,0.9760936,
1182,0.38096151839603076,0.38096151839603076,0.8099957704544067,1.6349506378173828,,,0.8569478,0.9746404,
1183,0.38165411353111267,0.38165411353111267,0.8142893612384796,1.6392034888267517,,,0.8639652,0.97638774,
1184,0.3831694315780293,0.3831694315780293,0.814816027879715,1.6411930918693542,,,0.8641845,0.97990537,
1185,0.3816494752060283,0.3816494752060283,0.8111384809017181,1.6345413327217102,,,0.8586568,0.9751265,
1186,0.38238195939497516,0.38238195939497516,0.8178545534610748,1.6457569003105164,,,0.86840695,0.97927135,
1187,0.38555372845042835,0.38555372845042835,0.8117450475692749,1.6338461637496948,,,0.8593655,0.98671097,
1188,0.3834244121204723,0.3834244121204723,0.8148321807384491,1.6409417390823364,,,0.86392546,0.9870609,
1189,0.3826354444026947,0.3826354444026947,0.8185895383358002,1.6469184160232544,,,0.8700459,0.9895471,
1190,0.38529456474564294,0.38529456474564294,0.8147602677345276,1.6418119668960571,,,0.86439633,0.99066013,
1191,0.3846010538664731,0.3846010538664731,0.8196215033531189,1.6516106128692627,,,0.87157375,0.9906735,
1192,0.38869055021892895,0.38869055021892895,0.8124734461307526,1.6324623227119446,,,0.8609074,0.99424756,
1193,0.38536049019206653,0.38536049019206653,0.8153058886528015,1.6366658210754395,,,0.86443657,0.98990786,
1194,0.3856144872578708,0.3856144872578708,0.8196073472499847,1.6403679251670837,,,0.87102354,0.9824802,
1195,0.38376346501437103,0.38376346501437103,0.8109749257564545,1.6226651072502136,,,0.85851467,0.98730326,
1196,0.3877149359746413,0.3877149359746413,0.8162071406841278,1.6322087049484253,,,0.866166,0.98193896,
1197,0.38137076659636066,0.38137076659636066,0.815186470746994,1.627986192703247,,,0.864711,0.99732697,
1198,0.38173226334831933,0.38173226334831933,0.8176362216472626,1.6311293244361877,,,0.8678464,1.0003287,
1199,0.3847029886462472,0.3847029886462472,0.8109677135944366,1.626556634902954,,,0.8590256,0.99031115,
1200,0.3828539496118372,0.3828539496118372,0.8177170753479004,1.6345715522766113,0.4975981431730748,1.0677112764590542,0.8591744,0.9915369,100.0
1201,0.3865269503810189,0.3865269503810189,0.8115634918212891,1.621091365814209,,,0.85923,0.98779964,
1202,0.3807090493765744,0.3807090493765744,0.8086519241333008,1.6200546026229858,,,0.8550876,0.9907178,
1203,0.38225976445458154,0.38225976445458154,0.809242844581604,1.619703769683838,,,0.85538226,0.99314255,
1204,0.3827434398911216,0.3827434398911216,0.8167538642883301,1.63041752576828,,,0.86659825,1.0075061,
1205,0.38246640292080963,0.38246640292080963,0.8179198503494263,1.6380122900009155,,,0.8592178,1.0009512,
1206,0.3805384906855496,0.3805384906855496,0.8153451085090637,1.6270298957824707,,,0.8637908,1.0063363,
1207,0.38406531648202374,0.38406531648202374,0.8119544684886932,1.6216822266578674,,,0.85864836,0.99577165,
1208,0.3802556801926006,0.3802556801926006,0.8136912286281586,1.6282145380973816,,,0.8614433,0.9969018,
1209,0.38201061433011835,0.38201061433011835,0.8127245008945465,1.6219457983970642,,,0.85989875,0.98808694,
1210,0.38453463261777704,0.38453463261777704,0.8053981959819794,1.6103776097297668,,,0.8501349,0.98075926,
1211,0.3799050341952931,0.3799050341952931,0.8051673471927643,1.6142046451568604,,,0.8498482,0.99061924,
1212,0.3811532258987427,0.3811532258987427,0.8071816861629486,1.6126739382743835,,,0.85321546,0.9852412,
1213,0.38014967062256555,0.38014967062256555,0.8046688139438629,1.6134544610977173,,,0.8486178,0.98594046,
1214,0.37877110188657587,0.37877110188657587,0.80254265666008,1.6088468432426453,,,0.84582454,0.97508866,
1215,0.3788213540207256,0.3788213540207256,0.8034453392028809,1.6076926589012146,,,0.84701455,0.980328,
1216,0.377278596162796,0.377278596162796,0.80483078956604,1.6088553071022034,,,0.84926,0.9730999,
1217,0.37582632628354157,0.37582632628354157,0.8054299354553223,1.6117175221443176,,,0.8501517,0.98335624,
1218,0.3780009394342249,0.3780009394342249,0.8022481203079224,1.6095777750015259,,,0.8459531,0.97560287,
1219,0.37811055508526886,0.37811055508526886,0.8023534417152405,1.6087966561317444,,,0.84546167,0.977198,
1220,0.37541113658384845,0.37541113658384845,0.8067502677440643,1.6105830073356628,,,0.8526422,0.9757732,
1221,0.37675038792870263,0.37675038792870263,0.8053810000419617,1.609630048274994,,,0.85005593,0.9811031,
1222,0.37369172139601275,0.37369172139601275,0.8043194711208344,1.6118942499160767,,,0.84916484,0.9764151,
1223,0.3777415427294644,0.3777415427294644,0.807499498128891,1.6101271510124207,,,0.85338825,0.9816246,
1224,0.37834381515329535,0.37834381515329535,0.81543830037117,1.6231588125228882,,,0.8566089,0.980835,
1225,0.38179534673690796,0.38179534673690796,0.8055142462253571,1.606996774673462,,,0.8499825,0.9783154,
1226,0.3764471574263139,0.3764471574263139,0.8012899160385132,1.6046912670135498,,,0.8445576,0.9742727,
1227,0.37464292482896283,0.37464292482896283,0.806015819311142,1.6120272874832153,,,0.84999084,0.97885704,
1228,0.37765971368009393,0.37765971368009393,0.8024859428405762,1.6027691960334778,,,0.8461116,0.9794937,
1229,0.3763099583712491,0.3763099583712491,0.8067121803760529,1.6066427826881409,,,0.85235757,0.9855621,
1230,0.37845294854857703,0.37845294854857703,0.8008281588554382,1.6012413501739502,,,0.8436767,0.9813966,
1231,0.37710065191442316,0.37710065191442316,0.8127449154853821,1.6196629405021667,,,0.8530404,0.9764106,
1232,0.37826242501085455,0.37826242501085455,0.8054898977279663,1.6083571314811707,,,0.8471944,0.9747029,
1233,0.3759698055007241,0.3759698055007241,0.8041662275791168,1.6062315106391907,,,0.84898335,0.97423595,
1234,0.3805282549424605,0.3805282549424605,0.8085708320140839,1.6088802814483643,,,0.85077775,0.9733529,
1235,0.37876627120104706,0.37876627120104706,0.8047865033149719,1.6045154929161072,,,0.84631723,0.96920156,
1236,0.38045006719502533,0.38045006719502533,0.8135195672512054,1.614375114440918,,,0.85840124,0.9685105,
1237,0.3793315020474521,0.3793315020474521,0.8051426410675049,1.6083236336708069,,,0.84603804,0.9661049,
1238,0.377456090667031,0.377456090667031,0.8075836896896362,1.609255075454712,,,0.8496742,0.9624,
1239,0.3791276135227897,0.3791276135227897,0.8089823424816132,1.6116260886192322,,,0.8511069,0.97584397,
1240,0.3775368251583793,0.3775368251583793,0.8185786306858063,1.6249871253967285,,,0.8578914,0.9755862,
1241,0.37831043113361706,0.37831043113361706,0.8107875287532806,1.612926959991455,,,0.85395736,0.96682084,
1242,0.38013133948499506,0.38013133948499506,0.8048755824565887,1.6058346629142761,,,0.845496,0.96574235,
1243,0.3824292150410739,0.3824292150410739,0.8105549812316895,1.6118494868278503,,,0.85328144,0.968138,
1244,0.3820006386800246,0.3820006386800246,0.8064152002334595,1.604797601699829,,,0.84767157,0.96575767,
1245,0.3795567669651725,0.3795567669651725,0.8065318167209625,1.603946328163147,,,0.8480422,0.96611714,
1246,0.38056058233434503,0.38056058233434503,0.8091169893741608,1.6078043580055237,,,0.85171556,0.9694626,
1247,0.37652612816203723,0.37652612816203723,0.8062342405319214,1.605940043926239,,,0.84789884,0.9649238,
1248,0.3807740130207755,0.3807740130207755,0.8052119314670563,1.6054667234420776,,,0.84587586,0.96425855,
1249,0.3769438564777374,0.3769438564777374,0.8204301297664642,1.6231327056884766,,,0.85949,0.9867102,
1250,0.38027580217881635,0.38027580217881635,0.8102576732635498,1.607747733592987,0.4538781041833836,0.7047204079264825,0.8523273,0.9685739,
1251,0.3806685290553353,0.3806685290553353,0.8091637790203094,1.6058965921401978,,,0.85234034,0.9653631,
1252,0.3784540837461298,0.3784540837461298,0.8093931674957275,1.6060434579849243,,,0.85173887,0.96405965,
1253,0.37792547995393927,0.37792547995393927,0.8097455203533173,1.6075472235679626,,,0.8524764,0.98191696,
1254,0.3823287649588151,0.3823287649588151,0.8068407475948334,1.6062150597572327,,,0.847836,0.98008525,
1255,0.376512121070515,0.376512121070515,0.8139699697494507,1.6174991726875305,,,0.85073525,0.9773305,
1256,0.38091049682010303,0.38091049682010303,0.806313544511795,1.605517327785492,,,0.8467015,0.98213226,
1257,0.37849149920723657,0.37849149920723657,0.8098656833171844,1.6095846891403198,,,0.85347706,0.96291316,
1258,0.38488399440591986,0.38488399440591986,0.8135257959365845,1.6109452843666077,,,0.8596471,0.97512114,
1259,0.38178347728469153,0.38178347728469153,0.818837970495224,1.6170132160186768,,,0.86565316,0.9845419,
1260,0.384415864944458,0.384415864944458,0.8088060021400452,1.6048734188079834,,,0.85157895,0.97326136,
1261,0.37788092819127167,0.37788092819127167,0.8097250759601593,1.6054455637931824,,,0.85281533,0.97198004,
1262,0.379812243309888,0.379812243309888,0.8143078684806824,1.6109926104545593,,,0.8602451,0.98918754,
1263,0.3839182528582486,0.3839182528582486,0.8168340623378754,1.6144556403160095,,,0.86359406,0.98964584,
1264,0.38487573103471234,0.38487573103471234,0.8244608044624329,1.627415657043457,,,0.86835635,0.997198,
1265,0.3831730945543809,0.3831730945543809,0.81882643699646,1.6179596781730652,,,0.8650586,0.9957705,
1266,0.38563685796477576,0.38563685796477576,0.8170055150985718,1.6171476244926453,,,0.863802,0.988773,
1267,0.3852204246954484,0.3852204246954484,0.8140746355056763,1.6227538585662842,,,0.8603126,0.9952667,
1268,0.38526981527155096,0.38526981527155096,0.8173125386238098,1.6226369142532349,,,0.8646646,0.98414624,
1269,0.38242208144881507,0.38242208144881507,0.817291796207428,1.61927330493927,,,0.8628091,0.9978172,
1270,0.38208112120628357,0.38208112120628357,0.8155133724212646,1.632117211818695,,,0.86262196,0.9647359,
1271,0.38285521214658563,0.38285521214658563,0.8178444802761078,1.6207592487335205,,,0.86401063,0.99524426,
1272,0.3849249509247867,0.3849249509247867,0.8175245523452759,1.6214672327041626,,,0.86530584,0.9916971,
1273,0.38842322609641333,0.38842322609641333,0.813571959733963,1.621904730796814,,,0.85946304,1.0023599,
1274,0.3826542930169539,0.3826542930169539,0.8156943917274475,1.6232112050056458,,,0.8604152,0.99519426,
1275,0.38297973708672955,0.38297973708672955,0.808576226234436,1.6118121147155762,,,0.8523349,1.0009017,
1276,0.3813155401836742,0.3813155401836742,0.8141703605651855,1.6143867373466492,,,0.85617447,1.0065657,
1277,0.38364687291058625,0.38364687291058625,0.8181345760822296,1.6285361647605896,,,0.8639357,0.99277884,
1278,0.3841462324966084,0.3841462324966084,0.8132984638214111,1.6159643530845642,,,0.85909754,1.0034157,
1279,0.38149846412918786,0.38149846412918786,0.8099442720413208,1.6100012063980103,,,0.85421,1.0160061,
1280,0.38195721398700366,0.38195721398700366,0.8084182441234589,1.6041880249977112,,,0.85202754,1.0118266,
1281,0.38180599971251056,0.38180599971251056,0.8087407648563385,1.603513240814209,,,0.85252404,1.0155704,
1282,0.3815747526558963,0.3815747526558963,0.813313215970993,1.6163474321365356,,,0.85988426,1.014842,
1283,0.3827833722938191,0.3827833722938191,0.8117253184318542,1.6141268610954285,,,0.86008996,1.0243114,
1284,0.37901688705791126,0.37901688705791126,0.8093990087509155,1.6129688620567322,,,0.8568545,1.0158464,
1285,0.3793553384867581,0.3793553384867581,0.8081908822059631,1.6079063415527344,,,0.85040516,0.9966114,
1286,0.3793908791108565,0.3793908791108565,0.8122586309909821,1.6121224164962769,,,0.85663384,1.0019526,
1287,0.3786381076682698,0.3786381076682698,0.8128408491611481,1.6127539277076721,,,0.85761935,1.0211482,
1288,0.38403090021827,0.38403090021827,0.8112386167049408,1.6129599809646606,,,0.8554421,0.9954251,
1289,0.3840887492353266,0.3840887492353266,0.8107644617557526,1.6114701628684998,,,0.8546905,0.99884355,
1290,0.38021857088262384,0.38021857088262384,0.8230595290660858,1.627469778060913,,,0.8653703,1.0266292,
1291,0.3825430382381786,0.3825430382381786,0.814235657453537,1.61547189950943,,,0.85792166,1.0054127,
1292,0.3808488222685727,0.3808488222685727,0.804474800825119,1.6032288074493408,,,0.8458087,0.9989357,
1293,0.3780775584957816,0.3780775584957816,0.8201999962329865,1.6242330074310303,,,0.8586033,1.0388638,
1294,0.37903178009119903,0.37903178009119903,0.8049153089523315,1.6044216752052307,,,0.84964424,1.0059803,
1295,0.382895445281809,0.382895445281809,0.8098728656768799,1.6154282093048096,,,0.85406774,1.0068358,
1296,0.3796713514761491,0.3796713514761491,0.8174424767494202,1.621339499950409,,,0.8624351,1.0044793,
1297,0.38551718538457697,0.38551718538457697,0.8071267902851105,1.6080323457717896,,,0.8501245,1.0016655,
1298,0.376783701506528,0.376783701506528,0.8060709536075592,1.6069849729537964,,,0.848961,1.0025097,
1299,0.37835037979212677,0.37835037979212677,0.8063902258872986,1.6084956526756287,,,0.8521486,1.0061464,
1300,0.37811964750289917,0.37811964750289917,0.8070262372493744,1.6118005514144897,0.4959223557286602,1.0613125822977372,0.8500266,0.9957124,100.0
1301,0.37954299558292737,0.37954299558292737,0.8120034039020538,1.6198059916496277,,,0.85702664,0.99909616,
1302,0.3800135146487843,0.3800135146487843,0.8007375597953796,1.602770209312439,,,0.8454664,0.9831786,
1303,0.37851852720434015,0.37851852720434015,0.8055466413497925,1.6107670664787292,,,0.85032606,0.9893723,
1304,0.3802600828084079,0.3802600828084079,0.8025664687156677,1.6040042638778687,,,0.8463304,0.9869932,
1305,0.378692857243798,0.378692857243798,0.805599719285965,1.6074909567832947,,,0.8520011,0.99123085,
1306,0.38022609190507367,0.38022609190507367,0.7977419495582581,1.5996820330619812,,,0.8415512,0.98771155,
1307,0.3780525976961309,0.3780525976961309,0.8027311563491821,1.6056246161460876,,,0.84924495,0.98534906,
1308,0.38154994628646155,0.38154994628646155,0.8026826679706573,1.601292908191681,,,0.84719586,0.99847305,
1309,0.3807177922942422,0.3807177922942422,0.8035436272621155,1.6073841452598572,,,0.85074097,0.98783517,
1310,0.37790896133943036,0.37790896133943036,0.8010711073875427,1.598628044128418,,,0.84413344,0.98567927,
1311,0.37594830989837646,0.37594830989837646,0.8004200756549835,1.6003592014312744,,,0.8439185,0.99322677,
1312,0.3776251700791446,0.3776251700791446,0.8015686273574829,1.6040185689926147,,,0.8480251,0.9879188,
1313,0.378763654015281,0.378763654015281,0.8032960891723633,1.606992483139038,,,0.84358376,0.98817205,
1314,0.375147900798104,0.375147900798104,0.8011079430580139,1.604080855846405,,,0.8458763,0.9832942,
1315,0.37876957654953003,0.37876957654953003,0.8042500019073486,1.6069011688232422,,,0.84731454,0.9874793,
1316,0.37703001499176025,0.37703001499176025,0.7980177998542786,1.60093355178833,,,0.8431583,0.97792375,
1317,0.3759842108596455,0.3759842108596455,0.8005637228488922,1.6035196781158447,,,0.8468434,0.97348696,
1318,0.3769175410270691,0.3769175410270691,0.7964853942394257,1.5966214537620544,,,0.84100986,0.9668377,
1319,0.3744085295633836,0.3744085295633836,0.801546037197113,1.6061493158340454,,,0.8412574,0.98006606,
1320,0.37678421898321673,0.37678421898321673,0.7970847189426422,1.6005712747573853,,,0.8412521,0.9791265,
1321,0.37803552638400684,0.37803552638400684,0.7944494485855103,1.5961273908615112,,,0.8377284,0.9804424,
1322,0.37783498655666004,0.37783498655666004,0.8020126223564148,1.6055355072021484,,,0.84600884,0.98623264,
1323,0.3761253167282451,0.3761253167282451,0.7977371215820312,1.5960795283317566,,,0.8411849,0.9745541,
1324,0.3755946592851119,0.3755946592851119,0.799654096364975,1.5970345735549927,,,0.8402787,0.9787123,
1325,0.3746355013413863,0.3746355013413863,0.8074858486652374,1.6112980842590332,,,0.8577464,0.98739403,
1326,0.3791204067793759,0.3791204067793759,0.8019184768199921,1.6067266464233398,,,0.84977084,0.98411626,
1327,0.3794748701832511,0.3794748701832511,0.801287978887558,1.6046097874641418,,,0.8466466,0.98396254,
1328,0.3753095811063593,0.3753095811063593,0.7954765558242798,1.596415638923645,,,0.83942336,0.9734174,
1329,0.376626962965185,0.376626962965185,0.7953352928161621,1.595758318901062,,,0.83964705,0.977785,
1330,0.3754601776599884,0.3754601776599884,0.7960278987884521,1.5982287526130676,,,0.84109205,0.9708825,
1331,0.37322050062092865,0.37322050062092865,0.8009849786758423,1.6057092547416687,,,0.8478474,0.9770318,
1332,0.37727905132553796,0.37727905132553796,0.7951089441776276,1.5932680368423462,,,0.8374599,0.97752315,
1333,0.3741206851872531,0.3741206851872531,0.7935205399990082,1.597187340259552,,,0.8372163,0.96886265,
1334,0.37681755694476043,0.37681755694476043,0.7975696623325348,1.5998474955558777,,,0.8433839,0.98147887,
1335,0.37509038231589575,0.37509038231589575,0.7955695688724518,1.594921052455902,,,0.83822083,0.9785696,
1336,0.3758949772878127,0.3758949772878127,0.7988388538360596,1.6007755398750305,,,0.8444481,0.9734449,
1337,0.3773140257055109,0.3773140257055109,0.7978705167770386,1.5985670685768127,,,0.84143025,0.980365,
1338,0.3746386901898818,0.3746386901898818,0.7946787178516388,1.5959585309028625,,,0.8381288,0.97272646,
1339,0.37422351945530286,0.37422351945530286,0.804502934217453,1.6051326394081116,,,0.8458326,0.97844225,
1340,0.3750145597891374,0.3750145597891374,0.7974993288516998,1.5970694422721863,,,0.841541,0.9877112,
1341,0.37507696043361316,0.37507696043361316,0.7915833294391632,1.5915371775627136,,,0.83438,0.977225,
1342,0.3743800873106176,0.3743800873106176,0.7952313125133514,1.5981835722923279,,,0.8386897,0.972355,
1343,0.37452512166716834,0.37452512166716834,0.7958239614963531,1.596311628818512,,,0.8394299,0.97433007,
1344,0.37358309734951367,0.37358309734951367,0.7917012572288513,1.5960418581962585,,,0.835393,0.9804485,
1345,0.37504732608795166,0.37504732608795166,0.7949777245521545,1.594479262828827,,,0.8369484,0.98029304,
1346,0.37203473123637115,0.37203473123637115,0.8005116283893585,1.601951241493225,,,0.84177756,0.9752376,
1347,0.3736140944740989,0.3736140944740989,0.7974813580513,1.5963082313537598,,,0.84192663,0.9872148,
1348,0.37139136411926965,0.37139136411926965,0.7955190241336823,1.595306932926178,,,0.8388591,0.9732307,
1349,0.3730418194424022,0.3730418194424022,0.7965679168701172,1.5983400344848633,,,0.8414776,0.97853345,
1350,0.3726998648860238,0.3726998648860238,0.7946968078613281,1.5924414992332458,0.428355991304709,0.6468352821997593,0.83906657,0.97908586,
1351,0.372325290333141,0.372325290333141,0.7919707000255585,1.5916305780410767,,,0.8330189,0.9858364,
1352,0.3706371946768327,0.3706371946768327,0.7998133301734924,1.6005383729934692,,,0.8448377,0.9819805,
1353,0.3743272803046487,0.3743272803046487,0.7912838459014893,1.5910176634788513,,,0.83343774,0.9793786,
1354,0.3750364265658639,0.3750364265658639,0.7926711440086365,1.5898724794387817,,,0.8353835,0.9800986,
1355,0.37188007072968915,0.37188007072968915,0.798777848482132,1.601470708847046,,,0.8381865,0.97581923,
1356,0.3707602457566695,0.3707602457566695,0.7927394509315491,1.591933786869049,,,0.8352928,0.9861293,
1357,0.3726813088763844,0.3726813088763844,0.7933802604675293,1.5920422077178955,,,0.8366301,0.97544324,
1358,0.37126000090078876,0.37126000090078876,0.7921650409698486,1.5947322845458984,,,0.83502233,0.975623,
1359,0.37245429916815326,0.37245429916815326,0.7958086431026459,1.5919016599655151,,,0.83630234,0.9883518,
1360,0.3733133917505091,0.3733133917505091,0.7968190312385559,1.5954839587211609,,,0.8396622,0.9744958,
1361,0.37256076661023224,0.37256076661023224,0.7906343638896942,1.5888590812683105,,,0.8330925,0.98606336,
1362,0.3728678687052293,0.3728678687052293,0.7939406335353851,1.5944020748138428,,,0.8358811,0.9789846,
1363,0.37695920196446503,0.37695920196446503,0.7894706130027771,1.5881235003471375,,,0.8314496,0.98592126,
1364,0.37080253525213763,0.37080253525213763,0.7928016483783722,1.5930535197257996,,,0.8362661,0.9845471,
1365,0.3722215836698359,0.3722215836698359,0.7923051714897156,1.591003656387329,,,0.8333393,0.9845411,
1366,0.3698499175635251,0.3698499175635251,0.7928820550441742,1.590569794178009,,,0.8335835,0.97153723,
1367,0.3734395043416457,0.3734395043416457,0.7925898730754852,1.592409610748291,,,0.83495754,0.96425706,
1368,0.3693132535977797,0.3693132535977797,0.8039448261260986,1.6218676567077637,,,0.84949213,0.96733046,
1369,0.3790806640278209,0.3790806640278209,0.8101688921451569,1.6289724707603455,,,0.85585076,0.97087055,
1370,0.378913323987614,0.378913323987614,0.803217202425003,1.6183273792266846,,,0.85058,0.9566118,
1371,0.37710740891369904,0.37710740891369904,0.800909548997879,1.6147222518920898,,,0.8463882,0.963713,
1372,0.3779303594069047,0.3779303594069047,0.7986710965633392,1.6126640439033508,,,0.84425694,0.96308637,
1373,0.37628594040870667,0.37628594040870667,0.8072921335697174,1.6247552037239075,,,0.85105413,0.9632379,
1374,0.3786338892850009,0.3786338892850009,0.799830824136734,1.6126442551612854,,,0.8446015,0.96288425,
1375,0.3772213025526567,0.3772213025526567,0.801720529794693,1.6161381006240845,,,0.84825134,0.96331155,
1376,0.3741096718744798,0.3741096718744798,0.8022562265396118,1.6128209233283997,,,0.84811246,0.9544512,
1377,0.37534827264872467,0.37534827264872467,0.796735554933548,1.60715651512146,,,0.84224373,0.9619962,
1378,0.3761320954019373,0.3761320954019373,0.8021126687526703,1.6137471795082092,,,0.8443614,0.9623203,
1379,0.3766433054750616,0.3766433054750616,0.7998411059379578,1.6084388494491577,,,0.84469676,0.9641886,
1380,0.376438092101704,0.376438092101704,0.8004446923732758,1.611291766166687,,,0.84694046,0.9513398,
1381,0.37719015641645953,0.37719015641645953,0.7974402904510498,1.6068539023399353,,,0.84299886,0.96146864,
1382,0.37793817845257843,0.37793817845257843,0.7989273071289062,1.6102222204208374,,,0.8452597,0.9533464,
1383,0.37406272237951105,0.37406272237951105,0.7962385714054108,1.6081274151802063,,,0.84234166,0.9532671,
1384,0.3753668015653437,0.3753668015653437,0.7971337735652924,1.6077053546905518,,,0.8440246,0.9488253,
1385,0.3759352646090768,0.3759352646090768,0.7970368266105652,1.6055286526679993,,,0.8416149,0.96053857,
1386,0.37259614738551056,0.37259614738551056,0.8006571829319,1.611418902873993,,,0.84853446,0.9528085,
1387,0.37297146970575507,0.37297146970575507,0.7946831285953522,1.6039633750915527,,,0.8402999,0.9552761,
1388,0.37641002373261884,0.37641002373261884,0.8031474351882935,1.6202059984207153,,,0.8534574,0.9680626,
1389,0.3790970119563016,0.3790970119563016,0.7988402843475342,1.599302589893341,,,0.84502256,0.97142667,
1390,0.375984172929417,0.375984172929417,0.7932813465595245,1.6005682945251465,,,0.8390477,0.9564386,
1391,0.3740903382951563,0.3740903382951563,0.8006837964057922,1.6103395223617554,,,0.8502908,0.95800257,
1392,0.37417658079754224,0.37417658079754224,0.7960387766361237,1.6051785945892334,,,0.8420583,0.95515394,
1393,0.37570295279676263,0.37570295279676263,0.801091343164444,1.616967499256134,,,0.84935075,0.96629286,
1394,0.3798971961845051,0.3798971961845051,0.7936159670352936,1.5996211767196655,,,0.8390591,0.95441943,
1395,0.37442947788672015,0.37442947788672015,0.7945690155029297,1.6036845445632935,,,0.8406465,0.94881403,
1396,0.3751388327641921,0.3751388327641921,0.7930751740932465,1.5981532335281372,,,0.8383232,0.9583251,
1397,0.3739736459471963,0.3739736459471963,0.7991884648799896,1.6069303154945374,,,0.843169,0.9498648,
1398,0.37507581981745636,0.37507581981745636,0.7931253015995026,1.6011921167373657,,,0.83858836,0.95059675,
1399,0.3739547079259699,0.3739547079259699,0.7980917096138,1.6057319045066833,,,0.84588194,0.95461226,
1400,0.3784126476808028,0.3784126476808028,0.7956134974956512,1.5921698212623596,0.5148418565099226,1.1036978651502767,0.8411213,0.95612913,100.0
1401,0.3744599168950861,0.3744599168950861,0.7952895760536194,1.5998035073280334,,,0.842574,0.96273804,
1402,0.3757063096219843,0.3757063096219843,0.7949424386024475,1.5881120562553406,,,0.84244156,0.95405835,
1403,0.3772575557231903,0.3772575557231903,0.8007521629333496,1.6029882431030273,,,0.85082674,0.9595351,
1404,0.3770717897198417,0.3770717897198417,0.7957739233970642,1.5885093808174133,,,0.84387344,0.95857733,
1405,0.37658193707466125,0.37658193707466125,0.7970859706401825,1.6031418442726135,,,0.84440356,0.95883274,
1406,0.37652137062766333,0.37652137062766333,0.7983288168907166,1.5924044251441956,,,0.847736,0.95106375,
1407,0.373157184232365,0.373157184232365,0.7935072481632233,1.5872119665145874,,,0.84094965,0.9518617,
1408,0.3753206486051733,0.3753206486051733,0.7929730415344238,1.5885729789733887,,,0.83960885,0.9522303,
1409,0.3732997585426677,0.3732997585426677,0.7931912541389465,1.5885011553764343,,,0.83874977,0.9558844,
1410,0.3753831305287101,0.3753831305287101,0.7943508625030518,1.5905470848083496,,,0.84194905,0.94505155,
1411,0.37493703040209686,0.37493703040209686,0.7958149611949921,1.5880426168441772,,,0.8425946,0.95828176,
1412,0.3755698800086975,0.3755698800086975,0.7892764806747437,1.5838876962661743,,,0.8349453,0.9532552,
1413,0.3718696426261555,0.3718696426261555,0.7945544421672821,1.5893617868423462,,,0.84292936,0.95194113,
1414,0.3742435601624576,0.3742435601624576,0.7902892231941223,1.5853102207183838,,,0.8369108,0.9488903,
1415,0.37453778223557904,0.37453778223557904,0.7917863130569458,1.5860567092895508,,,0.83716124,0.9541581,
1416,0.37326091257008637,0.37326091257008637,0.7942376434803009,1.58957439661026,,,0.8410431,0.94868314,
1417,0.3749520724469965,0.3749520724469965,0.7971685230731964,1.5888741612434387,,,0.8425774,0.95866156,
1418,0.3786168477751992,0.3786168477751992,0.7947411835193634,1.588843822479248,,,0.8413795,0.94631815,
1419,0.3750029775229367,0.3750029775229367,0.791027307510376,1.5828404426574707,,,0.83608866,0.9574116,
1420,0.37165499004450714,0.37165499004450714,0.7963314056396484,1.5894898176193237,,,0.8449825,0.95583093,
1421,0.3765918124805797,0.3765918124805797,0.8035776615142822,1.6099256873130798,,,0.85728544,0.9547713,
1422,0.3810785412788391,0.3810785412788391,0.8034327924251556,1.6058780550956726,,,0.8553949,0.9585044,
1423,0.376425176858902,0.376425176858902,0.7935439944267273,1.583122968673706,,,0.8411979,0.9576667,
1424,0.3752895322712985,0.3752895322712985,0.7971578538417816,1.5915572047233582,,,0.8469677,0.9544766,
1425,0.3749812597578222,0.3749812597578222,0.7896645367145538,1.5806557536125183,,,0.8371941,0.9470327,
1426,0.3726518018679185,0.3726518018679185,0.7948275506496429,1.5913558602333069,,,0.8452979,0.9472438,
1427,0.3776626505635001,0.3776626505635001,0.794717013835907,1.589653491973877,,,0.8450654,0.9483993,
1428,0.3762332526120273,0.3762332526120273,0.7969732284545898,1.5929864048957825,,,0.847104,0.9512277,
1429,0.37648044662042096,0.37648044662042096,0.7977050542831421,1.5943480134010315,,,0.84976506,0.9474525,
1430,0.37708044864914636,0.37708044864914636,0.7945540249347687,1.5865916013717651,,,0.84326655,0.9585293,
1431,0.37467520887201483,0.37467520887201483,0.7922405898571014,1.5884414315223694,,,0.841865,0.94678116,
1432,0.37730674039233814,0.37730674039233814,0.7955584824085236,1.5893625020980835,,,0.844725,0.95124,
1433,0.3748204084959897,0.3748204084959897,0.7936417758464813,1.5889185667037964,,,0.84247553,0.95058215,
1434,0.37592260945927014,0.37592260945927014,0.7931342422962189,1.5865110158920288,,,0.84181094,0.95232147,
1435,0.3742023760622198,0.3742023760622198,0.7953306138515472,1.5856791734695435,,,0.84527653,0.953062,
1436,0.37417698719284753,0.37417698719284753,0.7866008877754211,1.576267957687378,,,0.8332702,0.94825304,
1437,0.37168263305317273,0.37168263305317273,0.7948243319988251,1.5844838619232178,,,0.8459414,0.95824385,
1438,0.3745598630471663,0.3745598630471663,0.7960375845432281,1.5909194946289062,,,0.8455711,0.9486521,
1439,0.3765635138208216,0.3765635138208216,0.7937890589237213,1.583981215953827,,,0.84287155,0.95832366,
1440,0.3741673691706224,0.3741673691706224,0.7947304844856262,1.5871418714523315,,,0.84399897,0.95092815,
1441,0.3758060796694322,0.3758060796694322,0.7944312691688538,1.5848685503005981,,,0.84511995,0.9561684,
1442,0.3738344772295518,0.3738344772295518,0.7915927171707153,1.580262839794159,,,0.84133977,0.95730335,
1443,0.3756504248489033,0.3756504248489033,0.7890686094760895,1.5806196928024292,,,0.83791965,0.95434844,
1444,0.3739656589247964,0.3739656589247964,0.7935934960842133,1.58558589220047,,,0.84247583,0.9444118,
1445,0.3723049597306685,0.3723049597306685,0.7898637056350708,1.584575593471527,,,0.83893305,0.94253016,
1446,0.37262027101083234,0.37262027101083234,0.7927639186382294,1.5847041010856628,,,0.8432968,0.94191164,
1447,0.376181117512963,0.376181117512963,0.7958173751831055,1.587236762046814,,,0.847647,0.95347476,
1448,0.3753260157325051,0.3753260157325051,0.7927950024604797,1.583118200302124,,,0.8413194,0.9553485,
1449,0.37673981352285907,0.37673981352285907,0.7934198379516602,1.5823761224746704,,,0.8430751,0.95367265,
1450,0.3721631955016743,0.3721631955016743,0.7909771800041199,1.5814971923828125,0.5135715597669975,0.807635351852316,0.84033155,0.94836766,
1451,0.3765545975078236,0.3765545975078236,0.7913240492343903,1.5850948095321655,,,0.8415946,0.9397663,
1452,0.3753367906266993,0.3753367906266993,0.7961543798446655,1.589577317237854,,,0.84683335,0.94726884,
1453,0.37711911580779334,0.37711911580779334,0.7953695058822632,1.5859872102737427,,,0.8456435,0.9510352,
1454,0.37519233606078406,0.37519233606078406,0.792263001203537,1.5823131799697876,,,0.8427925,0.9436701,
1455,0.3761513504115018,0.3761513504115018,0.7947053015232086,1.5826305747032166,,,0.8462368,0.9512595,
1456,0.3802099553021518,0.3802099553021518,0.7971772849559784,1.592005968093872,,,0.85040444,0.9450458,
1457,0.3769810822877017,0.3769810822877017,0.7898190319538116,1.5767699480056763,,,0.83941203,0.94131017,
1458,0.3769754333929582,0.3769754333929582,0.7891391515731812,1.5750251412391663,,,0.8365425,0.9464131,
1459,0.3720327182249589,0.3720327182249589,0.7880203723907471,1.575642466545105,,,0.8365304,0.93427646,
1460,0.37134314667094837,0.37134314667094837,0.787164032459259,1.5737334489822388,,,0.8336754,0.94525814,
1461,0.37368084625764325,0.37368084625764325,0.7896553575992584,1.5804187655448914,,,0.8391246,0.9337792,
1462,0.37651979381387884,0.37651979381387884,0.7854149043560028,1.5731932520866394,,,0.8328702,0.93995064,
1463,0.37128572301431134,0.37128572301431134,0.7879473865032196,1.575608491897583,,,0.83618367,0.93249094,
1464,0.37082114815711975,0.37082114815711975,0.7940008044242859,1.5858717560768127,,,0.8373738,0.9478186,
1465,0.3743208944797516,0.3743208944797516,0.785742998123169,1.5758850574493408,,,0.83376765,0.93218935,
1466,0.3729134879328988,0.3729134879328988,0.7884979248046875,1.5725957751274109,,,0.835073,0.949053,
1467,0.37344244393435394,0.37344244393435394,0.7874039709568024,1.575650691986084,,,0.8355882,0.93943584,
1468,0.37343709577213635,0.37343709577213635,0.7942544221878052,1.5860822796821594,,,0.8377726,0.9464992,
1469,0.37623208490285004,0.37623208490285004,0.7982484400272369,1.5961938500404358,,,0.84185195,0.9510763,
1470,0.3753105943853205,0.3753105943853205,0.7971014380455017,1.5973427295684814,,,0.84272146,0.94023633,
1471,0.37543572891842236,0.37543572891842236,0.7999958395957947,1.5970898270606995,,,0.84310985,0.94027746,
1472,0.3725910864093087,0.3725910864093087,0.7945570945739746,1.5904475450515747,,,0.83873755,0.9412358,
1473,0.3720789876851169,0.3720789876851169,0.8002719283103943,1.6008942127227783,,,0.8470623,0.9466925,
1474,0.37206593426791107,0.37206593426791107,0.7947224676609039,1.5877703428268433,,,0.8369798,0.9417108,
1475,0.37341212413527747,0.37341212413527747,0.7971234321594238,1.591868817806244,,,0.84207755,0.9412634,
1476,0.3760866278951818,0.3760866278951818,0.7973568141460419,1.5948861241340637,,,0.8432936,0.95378214,
1477,0.37393525513735687,0.37393525513735687,0.7993529140949249,1.5942978858947754,,,0.84423906,0.95814395,
1478,0.3758749311620539,0.3758749311620539,0.806740939617157,1.6140294671058655,,,0.8571293,0.9453551,
1479,0.3822538202459162,0.3822538202459162,0.800430417060852,1.5971369743347168,,,0.8477817,0.95011204,
1480,0.37570817091248254,0.37570817091248254,0.7928871810436249,1.58808833360672,,,0.8375637,0.9311395,
1481,0.37262695214965125,0.37262695214965125,0.7949278652667999,1.5926464796066284,,,0.8404762,0.93446034,
1482,0.37264805219390174,0.37264805219390174,0.7960017323493958,1.5903632640838623,,,0.8420804,0.94936424,
1483,0.37298193032091315,0.37298193032091315,0.7988322377204895,1.5946974754333496,,,0.8434779,0.9470605,
1484,0.3758933056484569,0.3758933056484569,0.7911589741706848,1.5871015787124634,,,0.8346592,0.9372985,
1485,0.3678294840184125,0.3678294840184125,0.7899430096149445,1.584959328174591,,,0.8329087,0.94155246,
1486,0.3701187399300662,0.3701187399300662,0.7953512072563171,1.5931248664855957,,,0.84126157,0.9320943,
1487,0.3772624893621965,0.3772624893621965,0.7965241372585297,1.593429684638977,,,0.83988386,0.9405353,
1488,0.3735810436985709,0.3735810436985709,0.7898719906806946,1.586667001247406,,,0.8333489,0.9388344,
1489,0.3699316111477939,0.3699316111477939,0.7945659458637238,1.591326653957367,,,0.83706146,0.940955,
1490,0.37154983390461316,0.37154983390461316,0.7914078533649445,1.590280532836914,,,0.83548504,0.92945874,
1491,0.3735339939594269,0.3735339939594269,0.7948230504989624,1.593139111995697,,,0.8409318,0.9306478,
1492,0.3737280639735135,0.3737280639735135,0.7908992767333984,1.5873593091964722,,,0.8349721,0.93749064,
1493,0.3741013597358357,0.3741013597358357,0.7956200838088989,1.59398353099823,,,0.84211755,0.9342638,
1494,0.3724575367840854,0.3724575367840854,0.7975634038448334,1.5938575267791748,,,0.8408909,0.9378234,
1495,0.3728029429912567,0.3728029429912567,0.7887586653232574,1.5850971937179565,,,0.83175784,0.9389288,
1496,0.3685395392504605,0.3685395392504605,0.7919731736183167,1.5885220170021057,,,0.83398986,0.93784636,
1497,0.3733635626055978,0.3733635626055978,0.7937836945056915,1.5948677062988281,,,0.8395623,0.9260931,
1498,0.3727726502852006,0.3727726502852006,0.789383590221405,1.5857765078544617,,,0.83315724,0.9387909,
1499,0.3688588413325223,0.3688588413325223,0.7915067672729492,1.5882163643836975,,,0.8361293,0.9144491,
1500,0.37172110785137524,0.37172110785137524,0.7949887812137604,1.592771828174591,0.5448059824962433,1.1159167639222287,0.8377652,0.91417515,100.0
1501,0.3731286742470481,0.3731286742470481,0.795501321554184,1.5944661498069763,,,0.8418259,0.90823525,
1502,0.37446446039459924,0.37446446039459924,0.7923571765422821,1.5897085666656494,,,0.8370505,0.90962017,
1503,0.37245486812158063,0.37245486812158063,0.7933535575866699,1.5877467393875122,,,0.8353499,0.9158117,
1504,0.3721259724010121,0.3721259724010121,0.7948198914527893,1.5917657613754272,,,0.8412415,0.90442675,
1505,0.3738663846796209,0.3738663846796209,0.7913580536842346,1.5823405385017395,,,0.8362916,0.90765655,
1506,0.37013011087070813,0.37013011087070813,0.7921380400657654,1.5856380462646484,,,0.83713126,0.9020714,
1507,0.3724617673592134,0.3724617673592134,0.792902946472168,1.5860680937767029,,,0.8382267,0.9033239,
1508,0.37267105145887897,0.37267105145887897,0.7925353050231934,1.5866292715072632,,,0.83786076,0.90675455,
1509,0.3719336011193015,0.3719336011193015,0.788993239402771,1.5799418687820435,,,0.83292145,0.9114921,
1510,0.3704853491349654,0.3704853491349654,0.7883765995502472,1.5741678476333618,,,0.83211845,0.91153735,
1511,0.3697359480641105,0.3697359480641105,0.7948095202445984,1.5795081853866577,,,0.8373611,0.92425317,
1512,0.3714531389149753,0.3714531389149753,0.7916765213012695,1.578667163848877,,,0.8373638,0.91167504,
1513,0.3735505830157887,0.3735505830157887,0.7897862493991852,1.5815302729606628,,,0.8344196,0.9046782,
1514,0.3722849569537423,0.3722849569537423,0.7878243923187256,1.5738070011138916,,,0.83128154,0.9089605,
1515,0.375109539790587,0.375109539790587,0.7910341024398804,1.5758154392242432,,,0.8358434,0.91339964,
1516,0.37454805319959467,0.37454805319959467,0.7940162718296051,1.5728391408920288,,,0.8362637,0.9253018,
1517,0.37269737774675543,0.37269737774675543,0.7918587028980255,1.5694512724876404,,,0.8358443,0.921267,
1518,0.3737115968357433,0.3737115968357433,0.7937740385532379,1.5789095759391785,,,0.8397779,0.9102603,
1519,0.37268638068979437,0.37268638068979437,0.789326399564743,1.5694368481636047,,,0.8332801,0.9172322,
1520,0.37113122777505353,0.37113122777505353,0.7932825088500977,1.5765624046325684,,,0.8364244,0.91481966,
1521,0.3723518604582006,0.3723518604582006,0.78768190741539,1.571755051612854,,,0.8310555,0.91172624,
1522,0.3734194500879808,0.3734194500879808,0.7887384593486786,1.5710831880569458,,,0.8328898,0.9157126,
1523,0.3721019679849798,0.3721019679849798,0.7925595939159393,1.576869785785675,,,0.8386551,0.9138765,
1524,0.37263554063710297,0.37263554063710297,0.7904160618782043,1.5737934112548828,,,0.8361032,0.9177641,
1525,0.3717069625854492,0.3717069625854492,0.7938559949398041,1.5757423639297485,,,0.8370751,0.92075956,
1526,0.3692203841426156,0.3692203841426156,0.7887761890888214,1.5720927119255066,,,0.83369213,0.90891224,
1527,0.3699490563435988,0.3699490563435988,0.7932280600070953,1.5788854956626892,,,0.8407229,0.91483194,
1528,0.3705327266996557,0.3705327266996557,0.7963406145572662,1.5799725651741028,,,0.841392,0.9111525,
1529,0.37548002329739655,0.37548002329739655,0.7931510508060455,1.5750117897987366,,,0.8398574,0.92034405,
1530,0.374068636785854,0.374068636785854,0.79156693816185,1.5734742283821106,,,0.83746475,0.914453,
1531,0.3693410645831715,0.3693410645831715,0.7870928943157196,1.5682964324951172,,,0.83164227,0.916176,
1532,0.373379263010892,0.373379263010892,0.7951817810535431,1.5790830254554749,,,0.8398289,0.91522837,
1533,0.37645434791391547,0.37645434791391547,0.7967000305652618,1.580955982208252,,,0.8449158,0.9142469,
1534,0.3763852932236411,0.3763852932236411,0.7947966158390045,1.5785208344459534,,,0.84236985,0.9143637,
1535,0.37385275959968567,0.37385275959968567,0.7889708280563354,1.5692034363746643,,,0.8339419,0.91439825,
1536,0.3715684034607627,0.3715684034607627,0.7886193692684174,1.5697237849235535,,,0.8340881,0.9150993,
1537,0.3726668195290999,0.3726668195290999,0.792464554309845,1.5750321745872498,,,0.8398896,0.9182628,
1538,0.373272261836312,0.373272261836312,0.7911624014377594,1.5750635266304016,,,0.8378497,0.915923,
1539,0.37293095751242206,0.37293095751242206,0.7920953333377838,1.573886513710022,,,0.8392363,0.92249835,
1540,0.37081561305306177,0.37081561305306177,0.7906483113765717,1.5731884837150574,,,0.8371737,0.90950406,
1541,0.37413602796467865,0.37413602796467865,0.7902724742889404,1.5737788081169128,,,0.83627814,0.9178797,
1542,0.3729822039604187,0.3729822039604187,0.7919875681400299,1.574293315410614,,,0.83844995,0.918225,
1543,0.37541484561833466,0.37541484561833466,0.7977565824985504,1.5793019533157349,,,0.8428494,0.9179095,
1544,0.3740175420587713,0.3740175420587713,0.7885664701461792,1.5699976086616516,,,0.8337383,0.9160627,
1545,0.37184493108229205,0.37184493108229205,0.7893368899822235,1.5705806612968445,,,0.835348,0.91659635,
1546,0.368947061625394,0.368947061625394,0.7872044146060944,1.5694471597671509,,,0.83239377,0.9143839,
1547,0.3738186332312497,0.3738186332312497,0.795945942401886,1.5755234360694885,,,0.8405713,0.9178747,
1548,0.3719138367609544,0.3719138367609544,0.7920881509780884,1.5725030303001404,,,0.8398543,0.9301884,
1549,0.3772071193565022,0.3772071193565022,0.7928008139133453,1.5734765529632568,,,0.8404311,0.9191138,
1550,0.3758670281280171,0.3758670281280171,0.8016684353351593,1.5817739963531494,0.5586464949418061,1.2915774662105235,0.8494434,0.9372079,
1551,0.37710834362290124,0.37710834362290124,0.7965352237224579,1.5755795240402222,,,0.846461,0.928394,
1552,0.37822485782883386,0.37822485782883386,0.7962366938591003,1.5844545364379883,,,0.8459987,0.9204333,
1553,0.3721801855347373,0.3721801855347373,0.7953518033027649,1.572655975818634,,,0.83960235,0.92506903,
1554,0.37201230092482135,0.37201230092482135,0.7966963052749634,1.5783588886260986,,,0.8462475,0.93357545,
1555,0.37800732254981995,0.37800732254981995,0.8062768876552582,1.591127097606659,,,0.8498432,0.9331409,
1556,0.3749235760081898,0.3749235760081898,0.7940576672554016,1.5746483206748962,,,0.84279025,0.9233761,
1557,0.3739339465444738,0.3739339465444738,0.8023504316806793,1.585595428943634,,,0.85092396,0.9350331,
1558,0.37581583044745703,0.37581583044745703,0.7966521382331848,1.5789954662322998,,,0.842965,0.9322282,
1559,0.3775608241558075,0.3775608241558075,0.7974936068058014,1.5781641602516174,,,0.8479703,0.9348843,
1560,0.37854143706235016,0.37854143706235016,0.7984207570552826,1.5834197998046875,,,0.8494208,0.92558205,
1561,0.3771361437710849,0.3771361437710849,0.7969740331172943,1.5872320532798767,,,0.84705925,0.9319527,
1562,0.3753517649390481,0.3753517649390481,0.8035282790660858,1.5914068818092346,,,0.84553635,0.9345723,
1563,0.3737076629291881,0.3737076629291881,0.7911125123500824,1.5746170282363892,,,0.8383786,0.92769897,
1564,0.3750196559862657,0.3750196559862657,0.7985379993915558,1.5819201469421387,,,0.844759,0.9295309,
1565,0.3777745772491802,0.3777745772491802,0.7987984716892242,1.5826300382614136,,,0.84971976,0.9246925,
1566,0.37789214199239557,0.37789214199239557,0.793251097202301,1.5753552913665771,,,0.841525,0.9236202,
1567,0.3727462508461692,0.3727462508461692,0.7929920852184296,1.576277494430542,,,0.8410624,0.92592335,
1568,0.37888330763036554,0.37888330763036554,0.8036263883113861,1.5865886211395264,,,0.8522695,0.93364125,
1569,0.37803533944216644,0.37803533944216644,0.7995854318141937,1.5904823541641235,,,0.85122883,0.9482998,
1570,0.3786961490457708,0.3786961490457708,0.8000354468822479,1.592799186706543,,,0.85188437,0.94459164,
1571,0.3786773112687198,0.3786773112687198,0.7967592477798462,1.5887717008590698,,,0.84417355,0.9306025,
1572,0.3762319954958829,0.3762319954958829,0.7950572669506073,1.5818834900856018,,,0.8418072,0.9234052,
1573,0.37588362802158704,0.37588362802158704,0.7980893850326538,1.5924933552742004,,,0.8469315,0.9455359,
1574,0.3761118271134116,0.3761118271134116,0.7945548593997955,1.5881865620613098,,,0.8417275,0.92443645,
1575,0.3735503147948872,0.3735503147948872,0.7968159914016724,1.5797736644744873,,,0.8449881,0.92910916,
1576,0.3778348890217868,0.3778348890217868,0.7953729927539825,1.579816222190857,,,0.84286076,0.9138581,
1577,0.3751155706969174,0.3751155706969174,0.7934994995594025,1.5786916017532349,,,0.84084296,0.91283476,
1578,0.3736849698153409,0.3736849698153409,0.795268714427948,1.5870088338851929,,,0.8434144,0.93474615,
1579,0.375700671564449,0.375700671564449,0.7967464029788971,1.5922019481658936,,,0.8460631,0.9335296,
1580,0.3793742927637967,0.3793742927637967,0.7931087911128998,1.5789299607276917,,,0.8403933,0.9141882,
1581,0.3759502145377072,0.3759502145377072,0.7981506884098053,1.5935590267181396,,,0.8479493,0.9428868,
1582,0.37748105146668176,0.37748105146668176,0.7992203831672668,1.5868051052093506,,,0.84967124,0.9303529,
1583,0.3794716623696414,0.3794716623696414,0.7967248558998108,1.5837774872779846,,,0.84504277,0.9238874,
1584,0.377231857993386,0.377231857993386,0.7962231040000916,1.5828809142112732,,,0.8449248,0.92309153,
1585,0.3752704018896276,0.3752704018896276,0.7934816777706146,1.5788410305976868,,,0.8412494,0.9208239,
1586,0.37296787988055835,0.37296787988055835,0.7910717725753784,1.5766955018043518,,,0.8378227,0.9126697,
1587,0.3728796352039684,0.3728796352039684,0.7922765612602234,1.5785057544708252,,,0.83968955,0.91694343,
1588,0.3761338537389582,0.3761338537389582,0.7924415767192841,1.5708765387535095,,,0.8399144,0.9199363,
1589,0.3753693564371629,0.3753693564371629,0.7932497262954712,1.57443106174469,,,0.8407692,0.9180558,
1590,0.3757596937092868,0.3757596937092868,0.7953692674636841,1.575722336769104,,,0.84420025,0.9223371,
1591,0.3723688179796392,0.3723688179796392,0.7928667664527893,1.5753026604652405,,,0.8402959,0.9247753,
1592,0.3752011006528681,0.3752011006528681,0.8048296272754669,1.6143873929977417,,,0.84798616,0.9483364,
1593,0.37684543295340106,0.37684543295340106,0.8017984628677368,1.6184036135673523,,,0.8444697,0.9548885,
1594,0.37575173107060517,0.37575173107060517,0.7996357977390289,1.6103692650794983,,,0.8418285,0.9421531,
1595,0.3774634139104323,0.3774634139104323,0.8014193177223206,1.611437737941742,,,0.8443309,0.94260335,
1596,0.37752117352052167,0.37752117352052167,0.8027483522891998,1.6135004162788391,,,0.8462762,0.94944507,
1597,0.3746337430043654,0.3746337430043654,0.8003389239311218,1.6100146174430847,,,0.84286284,0.9424915,
1598,0.374040348963304,0.374040348963304,0.7996408045291901,1.609675407409668,,,0.8421837,0.9359314,
1599,0.37737775390798395,0.37737775390798395,0.8032705187797546,1.6148487329483032,,,0.8479378,0.9443684,
1600,0.3769091638651761,0.3769091638651761,0.8026798069477081,1.6145358085632324,0.5706064532660441,1.2176541024534637,0.8466634,0.94866055,100.0
1601,0.379052690484307,0.379052690484307,0.8011392056941986,1.6123453378677368,,,0.8447918,0.9446702,
1602,0.376797844063152,0.376797844063152,0.798543393611908,1.608397662639618,,,0.8406304,0.9382306,
1603,0.3735242621465163,0.3735242621465163,0.7990934252738953,1.6089955568313599,,,0.8420334,0.9413923,
1604,0.3719160638072274,0.3719160638072274,0.7913899123668671,1.575380802154541,,,0.83902097,0.9193504,
1605,0.3778636265884746,0.3778636265884746,0.8100498616695404,1.6211199164390564,,,0.85270154,0.94140625,
1606,0.3756388073617762,0.3756388073617762,0.7983472645282745,1.6046280264854431,,,0.84129006,0.94177604,
1607,0.3794811828569932,0.3794811828569932,0.8026874661445618,1.6149234771728516,,,0.8475934,0.92895,
1608,0.378361162814227,0.378361162814227,0.8003940582275391,1.609903872013092,,,0.8442244,0.94134796,
1609,0.3737890205600045,0.3737890205600045,0.7998409569263458,1.6104719042778015,,,0.84357595,0.92324835,
1610,0.3752503286708485,0.3752503286708485,0.7991494834423065,1.6096411347389221,,,0.8421063,0.94026697,
1611,0.3781633864749562,0.3781633864749562,0.8026908338069916,1.6101624965667725,,,0.8472728,0.94764626,
1612,0.3762366771697998,0.3762366771697998,0.798827052116394,1.6091002225875854,,,0.8418151,0.9451868,
1613,0.37272772192955017,0.37272772192955017,0.791726142168045,1.5744409561157227,,,0.8396319,0.92181087,
1614,0.37691974910822784,0.37691974910822784,0.8025822937488556,1.6105937361717224,,,0.84665614,0.94989324,
1615,0.37854189764369617,0.37854189764369617,0.8020038902759552,1.6135757565498352,,,0.8450295,0.9237501,
1616,0.37352544340220367,0.37352544340220367,0.7899122834205627,1.5722622871398926,,,0.83799165,0.92623895,
1617,0.37521691755814984,0.37521691755814984,0.794264554977417,1.5770663022994995,,,0.84276307,0.9200572,
1618,0.3752101388844577,0.3752101388844577,0.7875236570835114,1.5696040391921997,,,0.83518255,0.9229642,
1619,0.37057306278835644,0.37057306278835644,0.7996249496936798,1.6146689653396606,,,0.84328437,0.9302381,
1620,0.3740249384533275,0.3740249384533275,0.7911729216575623,1.5759663581848145,,,0.8390178,0.9147355,
1621,0.3720012984492562,0.3720012984492562,0.788298636674881,1.5701281428337097,,,0.83468777,0.9209828,
1622,0.37273470109159296,0.37273470109159296,0.7990915775299072,1.6120464205741882,,,0.8407932,0.92222357,
1623,0.37531860037283465,0.37531860037283465,0.7998597323894501,1.6124932169914246,,,0.83878845,0.9241604,
1624,0.37741299921816046,0.37741299921816046,0.7896566390991211,1.575565755367279,,,0.83649355,0.9218134,
1625,0.37678891962224786,0.37678891962224786,0.7997258901596069,1.6124307513237,,,0.8421642,0.92012066,
1626,0.37442602894522925,0.37442602894522925,0.7938072979450226,1.6052120923995972,,,0.8342729,0.91955805,
1627,0.3730082566087896,0.3730082566087896,0.7972922921180725,1.6069995760917664,,,0.8415932,0.9236886,
1628,0.37509081038561737,0.37509081038561737,0.7923888862133026,1.5779106616973877,,,0.8393684,0.91964376,
1629,0.3696667335250161,0.3696667335250161,0.7943738102912903,1.6062621474266052,,,0.8352694,0.9158798,
1630,0.3740871711210771,0.3740871711210771,0.8022946119308472,1.6171687841415405,,,0.8422921,0.9265657,
1631,0.3767661858688701,0.3767661858688701,0.7995031476020813,1.6123176217079163,,,0.8407211,0.93258095,
1632,0.37232186035676434,0.37232186035676434,0.8037190437316895,1.6139380931854248,,,0.843759,0.9285441,
1633,0.376542405648665,0.376542405648665,0.8025340139865875,1.5917372107505798,,,0.8440268,0.92985857,
1634,0.37427751313556323,0.37427751313556323,0.8001103699207306,1.6128284335136414,,,0.84380865,0.92580944,
1635,0.37615016915581445,0.37615016915581445,0.7968053221702576,1.6102184057235718,,,0.8390743,0.91896427,
1636,0.37571053071455524,0.37571053071455524,0.7894158661365509,1.57499361038208,,,0.83458936,0.92567784,
1637,0.37047615918246185,0.37047615918246185,0.7963754534721375,1.6081796884536743,,,0.8382503,0.9245611,
1638,0.372812420129776,0.372812420129776,0.7968751192092896,1.6094106435775757,,,0.8382197,0.9217493,
1639,0.3768312321467833,0.3768312321467833,0.7949264645576477,1.6100637912750244,,,0.83761454,0.9183104,
1640,0.3740395415912975,0.3740395415912975,0.7967981994152069,1.608839988708496,,,0.8390474,0.9202157,
1641,0.373445681550286,0.373445681550286,0.7960668802261353,1.6084648370742798,,,0.83825326,0.92101216,
1642,0.37149308215488086,0.37149308215488086,0.7987542152404785,1.6129227876663208,,,0.83931667,0.93034303,
1643,0.37299038063396106,0.37299038063396106,0.8037380576133728,1.621015727519989,,,0.8494429,0.9420312,
1644,0.37627343156120996,0.37627343156120996,0.7983159124851227,1.608550250530243,,,0.8409889,0.9252001,
1645,0.3745660158720883,0.3745660158720883,0.8005843758583069,1.6106663942337036,,,0.8405452,0.9282376,
1646,0.375459223985672,0.375459223985672,0.7970513701438904,1.5802292227745056,,,0.84095,0.93206644,
1647,0.37255085056478326,0.37255085056478326,0.7894741892814636,1.5734889507293701,,,0.8361359,0.9229223,
1648,0.3728607107292522,0.3728607107292522,0.7964859902858734,1.6105989813804626,,,0.83804244,0.92031115,
1649,0.3738304620439356,0.3738304620439356,0.7940564155578613,1.60664701461792,,,0.83593297,0.92163515,
1650,0.3692792762409557,0.3692792762409557,0.7963320016860962,1.6106474995613098,0.564364833647024,1.0665675400761163,0.8377871,0.9269405,
1651,0.3744282451542941,0.3744282451542941,0.7863906025886536,1.5735275149345398,,,0.83213073,0.92177296,
1652,0.3700145997784354,0.3700145997784354,0.79476398229599,1.6087490916252136,,,0.8363281,0.9207913,
1653,0.372345279563557,0.372345279563557,0.7991837859153748,1.6096855401992798,,,0.8390526,0.92455924,
1654,0.3712465058673512,0.3712465058673512,0.7948590219020844,1.6070783138275146,,,0.8366544,0.9206106,
1655,0.37315728989514435,0.37315728989514435,0.8005460798740387,1.6141513586044312,,,0.8393837,0.92229193,
1656,0.372432833368128,0.372432833368128,0.795654833316803,1.6077070832252502,,,0.83785707,0.92662907,
1657,0.37149749018929223,0.37149749018929223,0.7957801520824432,1.6094810962677002,,,0.8381577,0.9165207,
1658,0.3766822571104223,0.3766822571104223,0.8001806437969208,1.6117159724235535,,,0.84046483,0.9248426,
1659,0.37288473411039874,0.37288473411039874,0.796366810798645,1.5870500206947327,,,0.83680165,0.927758,
1660,0.37128617004914716,0.37128617004914716,0.7949855029582977,1.6086685061454773,,,0.83652407,0.9177091,
1661,0.373399636962197,0.373399636962197,0.7958858013153076,1.6070824265480042,,,0.83772886,0.9229014,
1662,0.3745617324655706,0.3745617324655706,0.7906714975833893,1.5760381817817688,,,0.8348897,0.92459506,
1663,0.37074433402581647,0.37074433402581647,0.7894931733608246,1.5711048245429993,,,0.8350324,0.9210427,
1664,0.3706096573309465,0.3706096573309465,0.807089775800705,1.6215324401855469,,,0.843687,0.9285304,
1665,0.3710989301854914,0.3710989301854914,0.7996372580528259,1.6110862493515015,,,0.83887404,0.92379236,
1666,0.3755002428184856,0.3755002428184856,0.7890152335166931,1.5731911659240723,,,0.8327533,0.924874,
1667,0.3699805330146443,0.3699805330146443,0.7871477901935577,1.5714644193649292,,,0.83305,0.9161632,
1668,0.3742840452627702,0.3742840452627702,0.7863462567329407,1.569037139415741,,,0.8319993,0.9251617,
1669,0.3685888783498244,0.3685888783498244,0.7988122403621674,1.605861485004425,,,0.8381157,0.9316942,
1670,0.37219795855608856,0.37219795855608856,0.7982368171215057,1.6069596409797668,,,0.8381981,0.92030036,
1671,0.3716066127473658,0.3716066127473658,0.7947564721107483,1.6065376996994019,,,0.8363198,0.9184547,
1672,0.37484348633072595,0.37484348633072595,0.7942367792129517,1.6052584052085876,,,0.83564943,0.9261206,
1673,0.37354302406311035,0.37354302406311035,0.7972243130207062,1.5844557881355286,,,0.8380409,0.923387,
1674,0.36904348026622424,0.36904348026622424,0.7892085611820221,1.5735702514648438,,,0.8336468,0.9216137,
1675,0.3703283559192311,0.3703283559192311,0.7867581248283386,1.5709994435310364,,,0.8320638,0.9298381,
1676,0.3727695102041418,0.3727695102041418,0.7979883253574371,1.6065243482589722,,,0.8368813,0.92366457,
1677,0.3710064915093509,0.3710064915093509,0.7856534123420715,1.5713220238685608,,,0.8311952,0.92116153,
1678,0.3708942099051042,0.3708942099051042,0.8048898875713348,1.618579089641571,,,0.84114337,0.93464,
1679,0.3741233321753415,0.3741233321753415,0.7982346713542938,1.6100273132324219,,,0.8376677,0.930343,
1680,0.3735866302793676,0.3735866302793676,0.7909276187419891,1.5725358128547668,,,0.83686143,0.93064237,
1681,0.3740988915616816,0.3740988915616816,0.7999346852302551,1.606847107410431,,,0.8402272,0.93194956,
1682,0.3757644133134322,0.3757644133134322,0.7992785573005676,1.6084650158882141,,,0.8405496,0.9281022,
1683,0.3748264962976629,0.3748264962976629,0.7965774536132812,1.606509029865265,,,0.8390395,0.9252653,
1684,0.37332781878384674,0.37332781878384674,0.806704580783844,1.6158092021942139,,,0.8494633,0.94038576,
1685,0.37843213839964435,0.37843213839964435,0.8006051480770111,1.608970284461975,,,0.844441,0.933413,
1686,0.37520700693130493,0.37520700693130493,0.800948441028595,1.6103413105010986,,,0.8412399,0.92022127,
1687,0.37385501915758307,0.37385501915758307,0.7959454655647278,1.6080673933029175,,,0.8376954,0.91987693,
1688,0.37545137242837384,0.37545137242837384,0.8017838001251221,1.6103885173797607,,,0.8414616,0.9282633,
1689,0.3739519417285919,0.3739519417285919,0.7982373237609863,1.609446942806244,,,0.8389626,0.9351899,
1690,0.3752554086121646,0.3752554086121646,0.8026883602142334,1.6120923161506653,,,0.84182346,0.92301846,
1691,0.3738198930566961,0.3738198930566961,0.7912120521068573,1.5764026641845703,,,0.835378,0.9315374,
1692,0.3729895678433505,0.3729895678433505,0.7991648316383362,1.6097018122673035,,,0.83932567,0.93523616,
1693,0.37380374290726404,0.37380374290726404,0.798930436372757,1.6093615293502808,,,0.83877456,0.9291812,
1694,0.3729139376770366,0.3729139376770366,0.7983626127243042,1.6100211143493652,,,0.83776814,0.9301857,
1695,0.37192404812032526,0.37192404812032526,0.7934797704219818,1.6052436828613281,,,0.83550674,0.9287135,
1696,0.37271243875676935,0.37271243875676935,0.7960896193981171,1.6116061806678772,,,0.83671755,0.930049,
1697,0.37539357759735803,0.37539357759735803,0.7981111109256744,1.6094428896903992,,,0.83891976,0.9291873,
1698,0.3731402510946447,0.3731402510946447,0.7968504130840302,1.607908010482788,,,0.8379081,0.92986107,
1699,0.37418447028506885,0.37418447028506885,0.7993378937244415,1.610862374305725,,,0.840549,0.9388115,
1700,0.3734260147268122,0.3734260147268122,0.7974163889884949,1.610023856163025,0.5883975132089699,1.304306482829745,0.84043694,0.93550193,100.0
1701,0.37167027592658997,0.37167027592658997,0.7957188487052917,1.6082928776741028,,,0.8380814,0.9352756,
1702,0.37137579917907715,0.37137579917907715,0.8020398914813995,1.6129401922225952,,,0.8435208,0.93920594,
1703,0.376224393194372,0.376224393194372,0.8017505705356598,1.612290859222412,,,0.8447383,0.93738663,
1704,0.37776789881966333,0.37776789881966333,0.7992058992385864,1.6096556782722473,,,0.84268904,0.93834007,
1705,0.37743374705314636,0.37743374705314636,0.8006880283355713,1.6132668256759644,,,0.84302735,0.93981284,
1706,0.3750261772762645,0.3750261772762645,0.7990308105945587,1.6132048964500427,,,0.84241444,0.935477,
1707,0.37287880886684766,0.37287880886684766,0.7979392111301422,1.608787477016449,,,0.8421857,0.93368155,
1708,0.375844343142076,0.375844343142076,0.802288144826889,1.6143416166305542,,,0.848861,0.9439148,
1709,0.37545769052072003,0.37545769052072003,0.7998590767383575,1.6121591925621033,,,0.84564346,0.93503696,
1710,0.37365313280712475,0.37365313280712475,0.796746551990509,1.6085736155509949,,,0.8416225,0.9329789,
1711,0.37431402098048816,0.37431402098048816,0.806493729352951,1.620631217956543,,,0.84540904,0.94339913,
1712,0.37656403942541644,0.37656403942541644,0.8007045686244965,1.6147131323814392,,,0.84331447,0.93500537,
1713,0.3718389787457206,0.3718389787457206,0.7970935106277466,1.6099079251289368,,,0.8426223,0.93318063,
1714,0.374987930059433,0.374987930059433,0.7957834601402283,1.611701250076294,,,0.8407356,0.9330452,
1715,0.37759836695410987,0.37759836695410987,0.8015815317630768,1.6140775680541992,,,0.84433466,0.9386626,
1716,0.3746680806983601,0.3746680806983601,0.7982951402664185,1.6104549765586853,,,0.8434972,0.9391526,
1717,0.3746586658737876,0.3746586658737876,0.795508623123169,1.6099923253059387,,,0.8398171,0.92995584,
1718,0.37554880434816534,0.37554880434816534,0.7967039048671722,1.6104032397270203,,,0.84071136,0.9398583,
1719,0.37459745461290533,0.37459745461290533,0.8019392788410187,1.611667275428772,,,0.8446164,0.93951577,
1720,0.37304294922135095,0.37304294922135095,0.7996189296245575,1.6101036071777344,,,0.84234214,0.94467735,
1721,0.37431084567850287,0.37431084567850287,0.7997739911079407,1.611557424068451,,,0.84309477,0.92971516,
1722,0.3732372603633187,0.3732372603633187,0.8046537339687347,1.6149439811706543,,,0.8444038,0.9455489,
1723,0.3773651366884058,0.3773651366884058,0.7970234751701355,1.607038974761963,,,0.8418139,0.93562186,
1724,0.37400738488544116,0.37400738488544116,0.7949243485927582,1.608066201210022,,,0.83912134,0.93450785,
1725,0.37547457218170166,0.37547457218170166,0.7951869368553162,1.611041009426117,,,0.83941686,0.93156195,
1726,0.37416884844953363,0.37416884844953363,0.794617086648941,1.6062250137329102,,,0.8393186,0.93772084,
1727,0.3758774047548121,0.3758774047548121,0.7958014905452728,1.607257902622223,,,0.84003717,0.9353771,
1728,0.37289671193469653,0.37289671193469653,0.7958271205425262,1.6060746908187866,,,0.84022605,0.93989897,
1729,0.37590906565839594,0.37590906565839594,0.7965969145298004,1.609351634979248,,,0.8416308,0.93762535,
1730,0.37364395369182934,0.37364395369182934,0.7954780459403992,1.6111049056053162,,,0.8405606,0.9350689,
1731,0.37510987845334137,0.37510987845334137,0.7986817061901093,1.6089907884597778,,,0.841247,0.94456315,
1732,0.3724104572426189,0.3724104572426189,0.7975023686885834,1.608130395412445,,,0.84034514,0.9345909,
1733,0.3750068111853166,0.3750068111853166,0.7988896667957306,1.6129441261291504,,,0.8440715,0.946012,
1734,0.3763383247635581,0.3763383247635581,0.8042806088924408,1.6187130808830261,,,0.8437835,0.94485813,
1735,0.37659218636426056,0.37659218636426056,0.7965292930603027,1.6098995208740234,,,0.8411019,0.93348145,
1736,0.3756794712760232,0.3756794712760232,0.7944490015506744,1.607918918132782,,,0.8382043,0.94104946,
1737,0.3747178559953516,0.3747178559953516,0.7939209043979645,1.6084948182106018,,,0.8378578,0.9298584,
1738,0.3722957589409568,0.3722957589409568,0.7995288670063019,1.612199604511261,,,0.8411223,0.9421926,
1739,0.37441770055077295,0.37441770055077295,0.8009099960327148,1.6225110292434692,,,0.8414083,0.94878066,
1740,0.3747854476625269,0.3747854476625269,0.8025481700897217,1.6206343173980713,,,0.8430791,0.9479605,
1741,0.37592356313358655,0.37592356313358655,0.8052570819854736,1.6256601810455322,,,0.84653574,0.9549434,
1742,0.3758310919458216,0.3758310919458216,0.8052894473075867,1.6231278777122498,,,0.8460721,0.9577142,
1743,0.3759410083293915,0.3759410083293915,0.8049157559871674,1.6235730648040771,,,0.8464684,0.95586455,
1744,0.381238116459413,0.381238116459413,0.8044027388095856,1.624569594860077,,,0.8460917,0.95189023,
1745,0.37597803365100513,0.37597803365100513,0.8025766313076019,1.620310366153717,,,0.8440829,0.95757157,
1746,0.37736866961825977,0.37736866961825977,0.8024803996086121,1.6230948567390442,,,0.8441447,0.9588235,
1747,0.375336617231369,0.375336617231369,0.810003012418747,1.6310116052627563,,,0.8483934,0.96370935,
1748,0.37479161674326117,0.37479161674326117,0.8021692335605621,1.6201993227005005,,,0.84388095,0.95785326,
1749,0.37392116676677356,0.37392116676677356,0.8067321479320526,1.6201372742652893,,,0.8458496,0.97273105,
1750,0.37477542053569446,0.37477542053569446,0.8036763668060303,1.6189932227134705,0.47079671584945654,0.6013118078694051,0.8440815,0.95746505,
1751,0.37515518069267273,0.37515518069267273,0.8095848858356476,1.6286423802375793,,,0.8471785,0.96129364,
1752,0.3760851431976665,0.3760851431976665,0.8013574779033661,1.6185154914855957,,,0.8419255,0.95689696,
1753,0.37267497181892395,0.37267497181892395,0.8054496049880981,1.6219239234924316,,,0.8471179,0.95141923,
1754,0.37621193853291596,0.37621193853291596,0.8055888414382935,1.6227944493293762,,,0.8435401,0.9621448,
1755,0.3807947175069289,0.3807947175069289,0.8149184584617615,1.6273176670074463,,,0.8496693,0.9730244,
1756,0.37839650294997473,0.37839650294997473,0.8068362474441528,1.6252692937850952,,,0.84869546,0.9646928,
1757,0.3760490390387448,0.3760490390387448,0.8056080937385559,1.6206926703453064,,,0.8470593,0.9723336,
1758,0.3775370635769584,0.3775370635769584,0.8065168559551239,1.623163640499115,,,0.8489298,0.9681286,
1759,0.3794406462799419,0.3794406462799419,0.8016718626022339,1.6177191734313965,,,0.8471614,0.9743019,
1760,0.37698916684497485,0.37698916684497485,0.814547210931778,1.6287000179290771,,,0.85549784,0.9741222,
1761,0.3803801482374018,0.3803801482374018,0.8475741446018219,2.2395530939102173,,,0.9132649,1.1162267,
1762,0.4040879851037806,0.4040879851037806,0.8447441756725311,2.1026611924171448,,,0.90411544,1.0798868,
1763,0.3965294659137726,0.3965294659137726,0.8337298631668091,1.7183583974838257,,,0.8810804,0.9975098,
1764,0.3894904201680964,0.3894904201680964,0.8188164830207825,1.6609167456626892,,,0.86463535,0.982945,
1765,0.3853209668939764,0.3853209668939764,0.8223105669021606,1.6619324088096619,,,0.86685055,0.9956667,
1766,0.3855538855899464,0.3855538855899464,0.8160563707351685,1.6640251874923706,,,0.8622145,1.002575,
1767,0.38324861363931134,0.38324861363931134,0.8194780051708221,1.6550506353378296,,,0.8636109,0.9785088,
1768,0.3869481764056466,0.3869481764056466,0.8174195885658264,1.6530218720436096,,,0.86201936,0.9847911,
1769,0.38474957780404523,0.38474957780404523,0.8163375854492188,1.6550525426864624,,,0.8604248,0.9874223,
1770,0.3791089247573506,0.3791089247573506,0.8093580305576324,1.6512519717216492,,,0.8517987,0.9801392,
1771,0.38358097997578705,0.38358097997578705,0.81617471575737,1.6546435952186584,,,0.86081344,0.99485,
1772,0.3810062923214652,0.3810062923214652,0.8116841018199921,1.6505467891693115,,,0.8544052,0.97903174,
1773,0.37873394651846454,0.37873394651846454,0.8239284753799438,1.6755698323249817,,,0.86340415,0.99723685,
1774,0.3848798302086917,0.3848798302086917,0.8247786164283752,1.672461211681366,,,0.86490446,0.9838755,
1775,0.38479253920641815,0.38479253920641815,0.8145854473114014,1.6517093777656555,,,0.86066926,0.9853597,
1776,0.3813689784570174,0.3813689784570174,0.809628814458847,1.6433794498443604,,,0.8559788,0.9773952,
1777,0.382186388427561,0.382186388427561,0.8184604346752167,1.6596338152885437,,,0.85984147,0.98712605,
1778,0.3856684213334864,0.3856684213334864,0.8226276934146881,1.6660898327827454,,,0.8623904,0.98639905,
1779,0.3812985745343295,0.3812985745343295,0.8229486644268036,1.67276531457901,,,0.8636603,0.99431413,
1780,0.3829860064116391,0.3829860064116391,0.8185944259166718,1.6635990142822266,,,0.8603761,0.9972886,
1781,0.3816924122246829,0.3816924122246829,0.8090539276599884,1.6378623843193054,,,0.85589784,0.9806723,
1782,0.3820484524423426,0.3820484524423426,0.8117664158344269,1.6481888890266418,,,0.85606396,0.9825387,
1783,0.3781529692086307,0.3781529692086307,0.8160593807697296,1.654120922088623,,,0.8575205,0.98763585,
1784,0.3816642707044428,0.3816642707044428,0.8155682682991028,1.658290445804596,,,0.8568261,0.98663276,
1785,0.3846147439696572,0.3846147439696572,0.816366046667099,1.652065396308899,,,0.8585228,0.9830427,
1786,0.3828114379536022,0.3828114379536022,0.8202835321426392,1.6636033058166504,,,0.8599361,0.98977405,
1787,0.38476585258137097,0.38476585258137097,0.8200812041759491,1.6579943895339966,,,0.8596791,0.98352754,
1788,0.37872844392603094,0.37872844392603094,0.8079186081886292,1.6327698826789856,,,0.853271,0.9821181,
1789,0.37926253405484284,0.37926253405484284,0.8146577179431915,1.6486043334007263,,,0.8562448,0.9816324,
1790,0.38235175067728217,0.38235175067728217,0.819839358329773,1.6609733700752258,,,0.8583378,0.9868961,
1791,0.382349049503153,0.382349049503153,0.8154785335063934,1.6523357629776,,,0.8558066,0.9980313,
1792,0.37982797622680664,0.37982797622680664,0.8146649301052094,1.647922396659851,,,0.855384,0.9875991,
1793,0.3796821724284779,0.3796821724284779,0.8258189857006073,1.6606079936027527,,,0.8632036,0.99708605,
1794,0.3832057335159995,0.3832057335159995,0.8202030658721924,1.660140037536621,,,0.85985094,0.9935447,
1795,0.38275947354056616,0.38275947354056616,0.8208163976669312,1.6616812944412231,,,0.86171234,0.99417824,
1796,0.3839036226272583,0.3839036226272583,0.8206180930137634,1.6588642001152039,,,0.8613023,0.997707,
1797,0.3840481232513081,0.3840481232513081,0.8167551159858704,1.6531599760055542,,,0.85886294,1.0092556,
1798,0.3826586333188144,0.3826586333188144,0.8188175559043884,1.657456636428833,,,0.8595374,0.9946997,
1799,0.3825973082672466,0.3825973082672466,0.818166971206665,1.659233272075653,,,0.858973,0.9962888,
1800,0.38252776048400183,0.38252776048400183,0.8175821304321289,1.6564401984214783,0.6259723171759104,1.0820217199207889,0.8582349,0.9976462,100.0
1801,0.3851533721793782,0.3851533721793782,0.8180841207504272,1.6577318906784058,,,0.85892135,0.9939449,
1802,0.3835941553115845,0.3835941553115845,0.814658522605896,1.6491389870643616,,,0.8564812,1.0053049,
1803,0.38746021552519366,0.38746021552519366,0.823375940322876,1.6559562683105469,,,0.8611401,1.0079067,
1804,0.38181894746693695,0.38181894746693695,0.8093917965888977,1.6408159136772156,,,0.8539197,0.99036276,
1805,0.38283817063678394,0.38283817063678394,0.8156482875347137,1.651422381401062,,,0.8563773,1.0036633,
1806,0.3833010603081096,0.3833010603081096,0.8159268200397491,1.6529076099395752,,,0.8569156,1.0011603,
1807,0.38058563795956696,0.38058563795956696,0.8156020045280457,1.6471670866012573,,,0.85664076,1.0033827,
1808,0.37947727875276044,0.37947727875276044,0.8158861994743347,1.6455421447753906,,,0.857554,1.0024873,
1809,0.3820859356360002,0.3820859356360002,0.829960286617279,1.6621228456497192,,,0.86587405,1.0072562,
1810,0.3815202008594166,0.3815202008594166,0.8193906843662262,1.6557399034500122,,,0.85805196,1.004273,
1811,0.3817465847188776,0.3817465847188776,0.8192804157733917,1.6565693020820618,,,0.85841215,0.9988738,
1812,0.3819103024222634,0.3819103024222634,0.818607896566391,1.655258595943451,,,0.8570438,1.0001805,
1813,0.3831145031885667,0.3831145031885667,0.8257343471050262,1.6631585955619812,,,0.8603714,1.0035902,
1814,0.3847582015124234,0.3847582015124234,0.8170823454856873,1.6533581018447876,,,0.85496086,1.0016872,
1815,0.380755597894842,0.380755597894842,0.8171755969524384,1.6522817611694336,,,0.8554791,1.0054295,
1816,0.3822429451075467,0.3822429451075467,0.8183135688304901,1.6530002355575562,,,0.8567982,0.9904697,
1817,0.3798861503601074,0.3798861503601074,0.8164883553981781,1.6570698618888855,,,0.85444844,1.0018665,
1818,0.38316955078731885,0.38316955078731885,0.8146630823612213,1.6517782807350159,,,0.85244524,1.0001973,
1819,0.3802186873826114,0.3802186873826114,0.8150502145290375,1.6531089544296265,,,0.85320747,1.0003622,
1820,0.379391532052647,0.379391532052647,0.8149536848068237,1.653045117855072,,,0.8532009,1.0003917,
1821,0.37837843190539966,0.37837843190539966,0.8219046592712402,1.656502366065979,,,0.8567431,1.0070035,
1822,0.3782357627695257,0.3782357627695257,0.8144047856330872,1.6480889320373535,,,0.85313576,0.9894145,
1823,0.37702483480626886,0.37702483480626886,0.8131198585033417,1.650159478187561,,,0.85125375,0.99307054,
1824,0.379296058958227,0.379296058958227,0.8053321540355682,1.6342825889587402,,,0.8473745,0.9830658,
1825,0.3754969537258148,0.3754969537258148,0.8040304481983185,1.6353620290756226,,,0.84592795,0.993059,
1826,0.37506433779543097,0.37506433779543097,0.80390864610672,1.6325642466545105,,,0.8460518,0.9860773,
1827,0.3787238597869873,0.3787238597869873,0.8036920130252838,1.631402850151062,,,0.84580445,0.9850488,
1828,0.37695171616294165,0.37695171616294165,0.8013663589954376,1.6320103406906128,,,0.8436279,0.9906028,
1829,0.376985563473268,0.376985563473268,0.8044814765453339,1.6340886950492859,,,0.8473034,0.97845274,
1830,0.37810239737684076,0.37810239737684076,0.8100137412548065,1.6381031274795532,,,0.84910345,0.9924983,
1831,0.37803268974477594,0.37803268974477594,0.811702162027359,1.6503217816352844,,,0.84969056,0.9867832,
1832,0.3763368183916265,0.3763368183916265,0.8032591044902802,1.6307896971702576,,,0.84558725,0.97799706,
1833,0.3768590905449607,0.3768590905449607,0.8143002688884735,1.649678885936737,,,0.8511147,0.99013627,
1834,0.3816345957192508,0.3816345957192508,0.8048039376735687,1.6314067244529724,,,0.8470061,0.97877634,
1835,0.37679412961006165,0.37679412961006165,0.8042131662368774,1.6309943795204163,,,0.84525114,0.97608507,
1836,0.37780139392072504,0.37780139392072504,0.8113387823104858,1.6475052237510681,,,0.84856504,0.98405325,
1837,0.37718978795138275,0.37718978795138275,0.8099935352802277,1.6475240588188171,,,0.8473149,0.98407453,
1838,0.375580603426153,0.375580603426153,0.8102275133132935,1.6452011466026306,,,0.8477599,0.9830756,
1839,0.378201040354642,0.378201040354642,0.8176825046539307,1.6510427594184875,,,0.85273623,0.991737,
1840,0.37943561239676044,0.37943561239676044,0.8112340271472931,1.6451570987701416,,,0.8499863,0.98459363,
1841,0.3757248683409257,0.3757248683409257,0.8002223074436188,1.6260344982147217,,,0.84191346,0.97607946,
1842,0.37364801222627814,0.37364801222627814,0.8009809851646423,1.6273803114891052,,,0.84314847,0.97616994,
1843,0.37649771300229157,0.37649771300229157,0.8088635802268982,1.643792450428009,,,0.84609073,0.98533714,
1844,0.377845590764826,0.377845590764826,0.8081590235233307,1.6430690288543701,,,0.84536207,0.98480076,
1845,0.3748451904817061,0.3748451904817061,0.7990593910217285,1.6256082653999329,,,0.84047467,0.9771913,
1846,0.37504113804210315,0.37504113804210315,0.8090623617172241,1.642579436302185,,,0.8465481,0.98223805,
1847,0.3753569044850089,0.3753569044850089,0.807833194732666,1.6417442560195923,,,0.84496355,0.9871358,
1848,0.3751438422636552,0.3751438422636552,0.8080965578556061,1.6434133052825928,,,0.84476,0.9820363,
1849,0.3770394189791246,0.3770394189791246,0.7996322214603424,1.6221736073493958,,,0.8414002,0.9730952,
1850,0.37559672919186676,0.37559672919186676,0.8049972355365753,1.6250393390655518,0.6676325804756675,1.417747619768988,0.8437145,0.9851919,
1851,0.37292182174595917,0.37292182174595917,0.7982961237430573,1.622513234615326,,,0.839548,0.9772055,
1852,0.3745619708841497,0.3745619708841497,0.7974624931812286,1.6250009536743164,,,0.8388618,0.97862846,
1853,0.37218624353408813,0.37218624353408813,0.8131145536899567,1.6430574655532837,,,0.84695,0.9898207,
1854,0.3756027736447074,0.3756027736447074,0.8006977438926697,1.6229698061943054,,,0.84175485,0.97857106,
1855,0.3746951872652227,0.3746951872652227,0.7988165616989136,1.624024510383606,,,0.839276,0.9759002,
1856,0.37351713939146564,0.37351713939146564,0.7982946634292603,1.6214199662208557,,,0.8393612,0.9748261,
1857,0.3725815442475406,0.3725815442475406,0.8020480573177338,1.6245598793029785,,,0.83981967,0.9816828,
1858,0.3729137263514779,0.3729137263514779,0.798143208026886,1.6210836172103882,,,0.8385953,0.9713333,
1859,0.3767657659270547,0.3767657659270547,0.7968505024909973,1.6225080490112305,,,0.83679175,0.97570544,
1860,0.373353126374158,0.373353126374158,0.797148734331131,1.6229808330535889,,,0.83742386,0.97238714,
1861,0.3722654716535048,0.3722654716535048,0.795808881521225,1.6222068071365356,,,0.8366223,0.9757065,
1862,0.37741481174122204,0.37741481174122204,0.802577793598175,1.6278870105743408,,,0.84590644,0.9755902,
1863,0.3758572448383678,0.3758572448383678,0.8017102479934692,1.6277060508728027,,,0.8433915,0.9812793,
1864,0.3766357627781955,0.3766357627781955,0.7983923256397247,1.6191321015357971,,,0.83870167,0.97334266,
1865,0.37372631105509674,0.37372631105509674,0.7990358471870422,1.6188260316848755,,,0.8393704,0.98153055,
1866,0.3717833947051655,0.3717833947051655,0.7982804179191589,1.6193073987960815,,,0.8387628,0.97824186,
1867,0.3762426322156733,0.3762426322156733,0.8011002242565155,1.6264764070510864,,,0.84294367,0.9763978,
1868,0.3748126707293771,0.3748126707293771,0.7980793416500092,1.620782732963562,,,0.83816004,0.9778081,
1869,0.3748324296691201,0.3748324296691201,0.8020889461040497,1.6265639066696167,,,0.84437764,0.9777417,
1870,0.3766402927311984,0.3766402927311984,0.8002721071243286,1.6249521374702454,,,0.84191024,0.98114514,
1871,0.3759410896084525,0.3759410896084525,0.8039675056934357,1.6264835596084595,,,0.84663695,0.9858238,
1872,0.377055823802948,0.377055823802948,0.8027757704257965,1.6268916130065918,,,0.8453341,0.9830425,
1873,0.3760502961548892,0.3760502961548892,0.8006422519683838,1.6261983513832092,,,0.84237134,0.9772164,
1874,0.3747292540290139,0.3747292540290139,0.8075956404209137,1.6300514340400696,,,0.8470922,0.9834011,
1875,0.37767286463217303,0.37767286463217303,0.8030003905296326,1.6263620257377625,,,0.8458454,0.9835469,
1876,0.37630135633728723,0.37630135633728723,0.8009389638900757,1.6240108013153076,,,0.8428992,0.9784766,
1877,0.37644015658985486,0.37644015658985486,0.7997454106807709,1.6232985854148865,,,0.8406834,0.976061,
1878,0.3741865022615953,0.3741865022615953,0.7990233302116394,1.6259124875068665,,,0.84037095,0.97680175,
1879,0.37796793471683154,0.37796793471683154,0.8017220795154572,1.6244348883628845,,,0.84330064,0.9836767,
1880,0.3757538145238703,0.3757538145238703,0.8040846884250641,1.6293009519577026,,,0.8469715,0.98040813,
1881,0.3778234124183655,0.3778234124183655,0.8025813102722168,1.6264309883117676,,,0.8447616,0.9785911,
1882,0.375962035222487,0.375962035222487,0.802764505147934,1.6264519095420837,,,0.8454309,0.985398,
1883,0.37679795785383746,0.37679795785383746,0.8028090000152588,1.625040888786316,,,0.8452733,0.9856766,
1884,0.37546197121793573,0.37546197121793573,0.8027242422103882,1.6239733695983887,,,0.8453251,0.98571855,
1885,0.37879108027978375,0.37879108027978375,0.8035179972648621,1.6266111731529236,,,0.84596264,0.97375077,
1886,0.37997958064079285,0.37997958064079285,0.8033260703086853,1.6250361204147339,,,0.84594154,0.9889869,
1887,0.3774231997403232,0.3774231997403232,0.8095022141933441,1.6253342628479004,,,0.8501529,0.98134655,
1888,0.3765846788883209,0.3765846788883209,0.8026498556137085,1.6216034293174744,,,0.8442293,0.9865325,
1889,0.37423831495371734,0.37423831495371734,0.8017089664936066,1.6216171383857727,,,0.8435111,0.9854789,
1890,0.3747227679599415,0.3747227679599415,0.8019209206104279,1.624111533164978,,,0.84384185,0.9815161,
1891,0.3762056583707983,0.3762056583707983,0.8026926517486572,1.6240460276603699,,,0.8443395,0.98186404,
1892,0.3764838088642467,0.3764838088642467,0.8016088604927063,1.6240214109420776,,,0.843344,0.9806192,
1893,0.3788094926964153,0.3788094926964153,0.8004215955734253,1.6209039092063904,,,0.8416967,0.9875847,
1894,0.3776855631308122,0.3776855631308122,0.8013736605644226,1.620395302772522,,,0.8430531,0.9845839,
1895,0.37613886865702545,0.37613886865702545,0.8013752698898315,1.6188693046569824,,,0.8426395,0.97854847,
1896,0.37413420460440894,0.37413420460440894,0.8011520802974701,1.620455026626587,,,0.8422554,0.98227936,
1897,0.3749213191595944,0.3749213191595944,0.8023369014263153,1.6224921941757202,,,0.8428172,0.98224145,
1898,0.3758845600214871,0.3758845600214871,0.8046921491622925,1.6286584734916687,,,0.84746695,0.98938423,
1899,0.3771020472049713,0.3771020472049713,0.8064341843128204,1.6301506161689758,,,0.85029423,0.99789035,
1900,0.38512174649672076,0.38512174649672076,0.8127837479114532,1.6354405283927917,0.4982284561922169,1.1733070929803682,0.8549669,0.9937015,100.0
1901,0.3769944581118497,0.3769944581118497,0.8045633435249329,1.6291386485099792,,,0.84727216,0.99544185,
1902,0.3781430856748061,0.3781430856748061,0.8040246665477753,1.6281514763832092,,,0.8465786,0.99046034,
1903,0.37794050032442267,0.37794050032442267,0.8310421705245972,1.738953709602356,,,0.8828713,0.9980783,
1904,0.38451785120097076,0.38451785120097076,0.8041302263736725,1.6248791813850403,,,0.8466453,0.9973143,
1905,0.37792922962795605,0.37792922962795605,0.8257063031196594,1.7308508157730103,,,0.87922066,0.99456656,
1906,0.38757633621042425,0.38757633621042425,0.8062805831432343,1.6336976885795593,,,0.8503896,0.9838934,
1907,0.3769753033464605,0.3769753033464605,0.8034906685352325,1.6297380924224854,,,0.8463458,0.9875743,
1908,0.37694463946602563,0.37694463946602563,0.8016917109489441,1.6282935738563538,,,0.84373057,0.9858272,
1909,0.3746095055883581,0.3746095055883581,0.8015319108963013,1.6247822642326355,,,0.8440166,0.9875786,
1910,0.37789139422503387,0.37789139422503387,0.8045896291732788,1.6224706172943115,,,0.84529316,0.9916127,
1911,0.3767703446474942,0.3767703446474942,0.8038694262504578,1.6415219902992249,,,0.8480874,0.9800914,
1912,0.37749837745319714,0.37749837745319714,0.8000035285949707,1.620587944984436,,,0.8423583,0.99007726,
1913,0.3764731396328319,0.3764731396328319,0.8025833368301392,1.6238654255867004,,,0.8465211,0.98773575,
1914,0.38576948642730713,0.38576948642730713,0.8178311586380005,1.7115703225135803,,,0.8698254,0.9921207,
1915,0.3751704150980169,0.3751704150980169,0.7997326254844666,1.6221514344215393,,,0.8432141,0.983441,
1916,0.3794748132879084,0.3794748132879084,0.798876017332077,1.6195659637451172,,,0.8415787,0.9881209,
1917,0.3790042427453128,0.3790042427453128,0.8007001578807831,1.6231247186660767,,,0.8430463,0.98542184,
1918,0.3732667158950459,0.3732667158950459,0.7986471951007843,1.6185197830200195,,,0.8406762,0.9895888,
1919,0.3742526796731082,0.3742526796731082,0.7992812395095825,1.619947612285614,,,0.84158677,0.9926745,
1920,0.37988847494125366,0.37988847494125366,0.8191153109073639,1.7064575552940369,,,0.87047035,0.99267346,
1921,0.3780908990990032,0.3780908990990032,0.7998046875,1.6189545392990112,,,0.8427723,0.9901231,
1922,0.3738581863316623,0.3738581863316623,0.8179301619529724,1.7163654565811157,,,0.87087303,0.9952313,
1923,0.3781193088401448,0.3781193088401448,0.7944290935993195,1.612069010734558,,,0.836828,0.98450464,
1924,0.38041116161779925,0.38041116161779925,0.8129974007606506,1.6712788343429565,,,0.84953415,0.9757447,
1925,0.3779594031247226,0.3779594031247226,0.8104630410671234,1.6702176928520203,,,0.84649163,0.97721344,
1926,0.37891691381281073,0.37891691381281073,0.8105033934116364,1.667724847793579,,,0.8468037,0.97934705,
1927,0.37664494731209497,0.37664494731209497,0.8298817276954651,1.7583670616149902,,,0.8769441,0.98809314,
1928,0.382026959549297,0.382026959549297,0.8096455037593842,1.6611497402191162,,,0.84722567,0.9767339,
1929,0.3840549886226654,0.3840549886226654,0.8328335583209991,1.7666443586349487,,,0.878889,0.9891979,
1930,0.37879509004679596,0.37879509004679596,0.8067934215068817,1.659009873867035,,,0.8434982,0.9697975,
1931,0.3738785548643632,0.3738785548643632,0.8060653507709503,1.6552327871322632,,,0.8423904,0.96998006,
1932,0.37971491705287586,0.37971491705287586,0.8067250549793243,1.654122233390808,,,0.84253126,0.9691471,
1933,0.37510324066335504,0.37510324066335504,0.805801510810852,1.6501553058624268,,,0.8418209,0.969979,
1934,0.3759868524291299,0.3759868524291299,0.8057760000228882,1.6497639417648315,,,0.8418643,0.97346616,
1935,0.37820026820356195,0.37820026820356195,0.8311473429203033,1.7485197186470032,,,0.87810445,0.9876962,
1936,0.3784674378958615,0.3784674378958615,0.8070723116397858,1.6512611508369446,,,0.8451927,0.9727591,
1937,0.3764330121603879,0.3764330121603879,0.8066266179084778,1.6535740494728088,,,0.84430915,0.970279,
1938,0.3876000994985754,0.3876000994985754,0.8057270646095276,1.6490852236747742,,,0.84241337,0.96606106,
1939,0.37447022037072614,0.37447022037072614,0.8036246001720428,1.6468716263771057,,,0.84140307,0.97071266,
1940,0.3768910657275807,0.3768910657275807,0.8105416893959045,1.6523177027702332,,,0.84932214,0.96135753,
1941,0.37948398156599566,0.37948398156599566,0.8043153882026672,1.644028902053833,,,0.84334284,0.96784586,
1942,0.37983664870262146,0.37983664870262146,0.8003266155719757,1.6380646228790283,,,0.8385467,0.966811,
1943,0.37503348697315564,0.37503348697315564,0.8062171339988708,1.6424404382705688,,,0.84452957,0.9669565,
1944,0.37314126979220996,0.37314126979220996,0.801645040512085,1.6332996487617493,,,0.84137523,0.9632231,
1945,0.3815209296616641,0.3815209296616641,0.80009326338768,1.6332406997680664,,,0.8394709,0.9650834,
1946,0.3712793534452265,0.3712793534452265,0.7983933687210083,1.627745807170868,,,0.8378967,0.9607018,
1947,0.3720621737566861,0.3720621737566861,0.7985863387584686,1.6291256546974182,,,0.8381513,0.95929366,
1948,0.373762997713956,0.373762997713956,0.8002649247646332,1.6265006065368652,,,0.8372413,0.96521974,
1949,0.3731822100552646,0.3731822100552646,0.7962046265602112,1.6249703168869019,,,0.83548975,0.9594178,
1950,0.37481322613629425,0.37481322613629425,0.79726642370224,1.6233550906181335,0.6254869466443963,1.0049907381964627,0.8377369,0.96265733,
1951,0.3737518245523626,0.3737518245523626,0.7995435893535614,1.623708724975586,,,0.83823746,0.96609116,
1952,0.372928261756897,0.372928261756897,0.7943966686725616,1.6196343898773193,,,0.8341792,0.9595089,
1953,0.37558582154187287,0.37558582154187287,0.7976753115653992,1.6169966459274292,,,0.8359395,0.9617579,
1954,0.36996574835343793,0.36996574835343793,0.7960283756256104,1.6243735551834106,,,0.83734864,0.961016,
1955,0.3772627819668163,0.3772627819668163,0.8120341598987579,1.6927093863487244,,,0.8612554,0.9899711,
1956,0.3784938102418726,0.3784938102418726,0.7994432747364044,1.6176790595054626,,,0.8395073,0.9603746,
1957,0.37090962583368475,0.37090962583368475,0.7934862971305847,1.6095643639564514,,,0.83388525,0.96640646,
1958,0.36879198388619855,0.36879198388619855,0.7923276126384735,1.6096047163009644,,,0.8335133,0.9629054,
1959,0.37021784348921344,0.37021784348921344,0.7933510541915894,1.6089374423027039,,,0.83559734,0.9611995,
1960,0.3727465678345073,0.3727465678345073,0.7907223105430603,1.60493004322052,,,0.83214116,0.9579782,
1961,0.3779965422370217,0.3779965422370217,0.7927614450454712,1.6032371520996094,,,0.83519435,0.9603645,
1962,0.37356416474689136,0.37356416474689136,0.7939808666706085,1.6050727367401123,,,0.83515877,0.96109617,
1963,0.3710951723835685,0.3710951723835685,0.7918559610843658,1.6043682098388672,,,0.8343282,0.96285486,
1964,0.37166196378794586,0.37166196378794586,0.7970371246337891,1.611107587814331,,,0.84068906,0.9599015,
1965,0.37368440898981964,0.37368440898981964,0.7935927212238312,1.5995658040046692,,,0.83672595,0.96715313,
1966,0.3712770342826843,0.3712770342826843,0.7888860106468201,1.5954648852348328,,,0.83188957,0.95966226,
1967,0.37080316651951184,0.37080316651951184,0.79130420088768,1.5967072248458862,,,0.832455,0.96357155,
1968,0.37117674675854767,0.37117674675854767,0.7898622453212738,1.596569538116455,,,0.8344475,0.9566895,
1969,0.3762215321714228,0.3762215321714228,0.7927767336368561,1.596315324306488,,,0.8352056,0.9596429,
1970,0.3682690804654902,0.3682690804654902,0.7885831892490387,1.5900987386703491,,,0.8310065,0.961316,
1971,0.37172507697885687,0.37172507697885687,0.7842285633087158,1.585631787776947,,,0.8269817,0.96167177,
1972,0.3703142729672519,0.3703142729672519,0.7883877456188202,1.5879678130149841,,,0.8334926,0.9638484,
1973,0.3673792210492221,0.3673792210492221,0.7888243496417999,1.5936253666877747,,,0.83494073,0.9612358,
1974,0.37133142623034393,0.37133142623034393,0.7867057025432587,1.5839306116104126,,,0.82882,0.9660591,
1975,0.36741452596404334,0.36741452596404334,0.7884826064109802,1.5877416133880615,,,0.8285288,0.9697696,
1976,0.36808683655478736,0.36808683655478736,0.8018870055675507,1.675657868385315,,,0.85460305,0.98274314,
1977,0.3728100982579318,0.3728100982579318,0.7937766909599304,1.5941888689994812,,,0.83332133,0.9701711,
1978,0.3697980669411746,0.3697980669411746,0.7878006398677826,1.5881901979446411,,,0.8280836,0.9675392,
1979,0.37134474515914917,0.37134474515914917,0.7878278493881226,1.5897327661514282,,,0.828577,0.96262157,
1980,0.37001705169677734,0.37001705169677734,0.8052097260951996,1.6787353157997131,,,0.8552131,0.9744151,
1981,0.37770637598904694,0.37770637598904694,0.7892294228076935,1.5894451141357422,,,0.83224857,0.96767193,
1982,0.37144379724155774,0.37144379724155774,0.785193681716919,1.5884259939193726,,,0.8261389,0.9780069,
1983,0.3683112995191054,0.3683112995191054,0.7854606211185455,1.5842971801757812,,,0.82610977,0.969533,
1984,0.3680881370197643,0.3680881370197643,0.7904356718063354,1.5866196155548096,,,0.82966065,0.9643138,
1985,0.36948754299770703,0.36948754299770703,0.7851824760437012,1.588914155960083,,,0.8259305,0.9760157,
1986,0.36678794026374817,0.36678794026374817,0.7872883677482605,1.5876891016960144,,,0.8262926,0.9775853,
1987,0.3703634874387221,0.3703634874387221,0.7847958207130432,1.5859479904174805,,,0.8247341,0.96602726,
1988,0.3666554960337552,0.3666554960337552,0.7847477197647095,1.5843636393547058,,,0.8260483,0.96250975,
1989,0.366232920776714,0.366232920776714,0.7857801020145416,1.5848004817962646,,,0.8249999,0.9669482,
1990,0.3730384897102009,0.3730384897102009,0.785566508769989,1.584594964981079,,,0.8251168,0.9730057,
1991,0.3664033060724085,0.3664033060724085,0.7843828797340393,1.5853111147880554,,,0.8259037,0.9592444,
1992,0.3671562373638153,0.3671562373638153,0.7839672863483429,1.5858240723609924,,,0.824357,0.9619557,
1993,0.36920836161483417,0.36920836161483417,0.7830190658569336,1.5806360840797424,,,0.82395655,0.97050613,
1994,0.37244758822701196,0.37244758822701196,0.7829210460186005,1.581376075744629,,,0.8236233,0.96662897,
1995,0.368606066161936,0.368606066161936,0.782847136259079,1.5809024572372437,,,0.823159,0.9676253,
1996,0.3660655292597684,0.3660655292597684,0.7853897213935852,1.5831897258758545,,,0.8247419,0.96473175,
1997,0.37022631005807355,0.37022631005807355,0.7817105650901794,1.5804294347763062,,,0.82159495,0.96932405,
1998,0.3699263767762618,0.3699263767762618,0.7884731292724609,1.5858125686645508,,,0.82980144,0.9681136,
1999,0.3653557002544403,0.3653557002544403,0.7838005423545837,1.5815481543540955,,,0.82233566,0.97224313,
2000,0.36760959029197693,0.36760959029197693,0.7820582687854767,1.5808497071266174,0.6117105301401015,0.9871751594830066,0.82166535,0.96360934,100.0
